Customer_ID,Region,Age_Band,Account_Type,Account_Tenure_Years
100001,South East,45-54,Savings,15.5
100002,London,65+,Current,10.8
100003,East of England,35-44,Current,3.8
100004,South East,18-24,Current,3.6
100005,West Midlands,55-64,Current,6.1
100006,Wales,55-64,Premier,6.1
100007,South East,45-54,Savings,2.8
100008,South West,55-64,Current,16.7
100009,West Midlands,55-64,Current,5.7
100010,London,45-54,Savings,16.1
100011,Yorkshire and Humber,65+,Current,19.5
100012,East of England,55-64,Current,6.7
100013,London,45-54,Savings,19.4
100014,South West,35-44,Current,3.9
100015,London,18-24,Current,13.0
100016,North West,25-34,Current,19.8
100017,London,55-64,Current,16.2
100018,East Midlands,55-64,Savings,4.7
100019,South West,35-44,Savings,5.2
100020,London,45-54,Premier,5.3
100021,South East,25-34,Current,18.9
100022,Yorkshire and Humber,25-34,Savings,5.0
100023,Wales,65+,Premier,10.2
100024,East of England,35-44,Savings,7.1
100025,South East,25-34,Premier,7.3
100026,West Midlands,35-44,Premier,8.2
100027,London,35-44,Savings,7.0
100028,East Midlands,55-64,Premier,12.0
100029,West Midlands,65+,Savings,8.6
100030,South East,45-54,Current,8.9
100031,South East,45-54,Premier,10.2
100032,North East,35-44,Savings,7.2
100033,North West,45-54,Current,15.1
100034,Yorkshire and Humber,35-44,Current,10.1
100035,London,18-24,Current,10.2
100036,West Midlands,65+,Student,4.3
100037,West Midlands,35-44,Current,0.7
100038,London,45-54,Current,16.2
100039,North West,25-34,Current,17.1
100040,South East,55-64,Current,4.9
100041,London,25-34,Premier,7.3
100042,South West,35-44,Current,7.2
100043,South East,55-64,Current,13.7
100044,North West,35-44,Current,3.8
100045,South West,65+,Savings,19.6
100046,South West,25-34,Savings,1.3
100047,Yorkshire and Humber,55-64,Current,19.5
100048,North West,65+,Current,1.5
100049,South East,45-54,Premier,6.4
100050,West Midlands,55-64,Savings,5.1
100051,West Midlands,35-44,Savings,5.3
100052,East Midlands,55-64,Current,19.9
100053,South West,65+,Premier,9.2
100054,South East,55-64,Savings,2.5
100055,South East,65+,Current,19.6
100056,South West,45-54,Premier,4.9
100057,London,45-54,Student,1.5
100058,London,35-44,Savings,0.6
100059,West Midlands,55-64,Savings,9.3
100060,West Midlands,65+,Current,18.4
100061,South East,45-54,Current,0.4
100062,London,25-34,Current,14.5
100063,London,45-54,Current,5.3
100064,South East,55-64,Current,4.5
100065,London,65+,Current,14.1
100066,London,25-34,Premier,15.0
100067,London,25-34,Current,11.2
100068,North West,35-44,Savings,4.1
100069,East Midlands,25-34,Current,0.2
100070,London,65+,Current,14.8
100071,North West,35-44,Current,12.0
100072,Yorkshire and Humber,45-54,Current,8.5
100073,East of England,25-34,Current,4.4
100074,North West,35-44,Current,15.3
100075,East Midlands,65+,Savings,1.5
100076,North West,35-44,Current,12.9
100077,North West,18-24,Current,13.8
100078,South East,25-34,Current,4.5
100079,London,65+,Current,9.7
100080,South West,65+,Current,10.5
100081,South East,25-34,Current,11.9
100082,Yorkshire and Humber,45-54,Savings,18.0
100083,South West,25-34,Savings,11.0
100084,West Midlands,45-54,Student,1.4
100085,East Midlands,25-34,Savings,7.0
100086,West Midlands,55-64,Current,12.6
100087,South East,65+,Current,6.7
100088,London,25-34,Current,15.4
100089,West Midlands,35-44,Savings,3.9
100090,London,25-34,Current,2.9
100091,West Midlands,35-44,Current,4.7
100092,South East,18-24,Premier,17.5
100093,London,25-34,Current,13.7
100094,Yorkshire and Humber,65+,Current,10.4
100095,North West,18-24,Premier,6.1
100096,London,55-64,Current,18.4
100097,Yorkshire and Humber,25-34,Current,17.8
100098,East Midlands,45-54,Current,8.0
100099,West Midlands,35-44,Current,15.1
100100,North East,65+,Premier,18.3
100101,East of England,25-34,Savings,6.3
100102,South East,25-34,Current,6.6
100103,North West,55-64,Current,11.0
100104,North East,55-64,Current,8.2
100105,South East,55-64,Current,15.3
100106,South East,18-24,Current,10.8
100107,London,25-34,Current,4.3
100108,North West,55-64,Savings,7.2
100109,West Midlands,45-54,Student,13.5
100110,East of England,45-54,Premier,1.2
100111,London,35-44,Student,6.9
100112,West Midlands,25-34,Current,0.4
100113,North West,65+,Savings,16.4
100114,London,55-64,Premier,2.4
100115,West Midlands,25-34,Current,1.6
100116,East of England,65+,Current,15.8
100117,South East,45-54,Current,1.9
100118,South East,35-44,Premier,13.7
100119,London,35-44,Premier,7.7
100120,London,55-64,Savings,16.5
100121,London,35-44,Current,3.7
100122,London,45-54,Premier,1.8
100123,East Midlands,55-64,Current,4.6
100124,Yorkshire and Humber,25-34,Current,18.6
100125,East Midlands,65+,Current,16.6
100126,London,35-44,Savings,5.8
100127,North West,35-44,Student,4.2
100128,West Midlands,55-64,Current,3.2
100129,West Midlands,45-54,Current,4.5
100130,London,35-44,Current,4.2
100131,West Midlands,45-54,Current,17.8
100132,East of England,65+,Student,0.5
100133,London,55-64,Current,17.6
100134,Yorkshire and Humber,55-64,Current,0.9
100135,London,25-34,Current,16.6
100136,East Midlands,35-44,Savings,8.6
100137,North East,45-54,Student,1.6
100138,London,18-24,Current,16.0
100139,South West,55-64,Current,5.2
100140,East Midlands,35-44,Premier,17.6
100141,London,35-44,Current,15.1
100142,London,25-34,Current,19.6
100143,North East,35-44,Current,16.7
100144,London,35-44,Premier,4.9
100145,London,45-54,Savings,8.2
100146,North West,45-54,Current,14.0
100147,Yorkshire and Humber,25-34,Current,6.4
100148,London,25-34,Current,11.0
100149,London,55-64,Current,4.8
100150,East Midlands,25-34,Current,13.3
100151,South West,45-54,Current,6.9
100152,East of England,45-54,Current,1.2
100153,West Midlands,45-54,Current,19.4
100154,London,65+,Current,16.9
100155,West Midlands,45-54,Current,6.1
100156,South East,65+,Savings,2.7
100157,North West,65+,Current,14.7
100158,South East,25-34,Student,4.5
100159,South East,25-34,Premier,12.1
100160,South East,35-44,Premier,15.6
100161,West Midlands,35-44,Current,5.5
100162,East of England,45-54,Current,5.8
100163,North West,25-34,Savings,1.3
100164,East Midlands,25-34,Current,6.5
100165,London,35-44,Current,12.0
100166,Yorkshire and Humber,45-54,Current,3.2
100167,South West,45-54,Current,19.1
100168,South West,65+,Savings,14.5
100169,North West,25-34,Current,4.2
100170,North East,35-44,Premier,10.7
100171,North West,65+,Savings,7.9
100172,London,55-64,Current,7.7
100173,North West,45-54,Current,11.2
100174,North East,45-54,Current,2.3
100175,West Midlands,25-34,Premier,4.4
100176,East Midlands,65+,Savings,3.1
100177,London,45-54,Savings,3.6
100178,Wales,45-54,Savings,13.1
100179,East of England,45-54,Current,19.9
100180,South East,35-44,Premier,13.1
100181,East of England,25-34,Premier,19.7
100182,East of England,55-64,Savings,11.6
100183,London,45-54,Current,5.7
100184,North West,18-24,Current,17.5
100185,South East,35-44,Current,1.4
100186,South East,65+,Current,2.1
100187,Yorkshire and Humber,35-44,Current,19.0
100188,West Midlands,35-44,Savings,13.0
100189,South East,45-54,Premier,18.6
100190,North West,55-64,Current,2.7
100191,North East,45-54,Current,15.4
100192,North West,55-64,Current,4.8
100193,West Midlands,25-34,Premier,6.9
100194,South West,65+,Savings,18.0
100195,West Midlands,65+,Current,8.3
100196,West Midlands,45-54,Current,13.4
100197,London,45-54,Current,17.8
100198,East of England,25-34,Current,17.4
100199,West Midlands,35-44,Current,0.3
100200,North West,25-34,Current,3.2
100201,South East,18-24,Current,18.4
100202,Wales,65+,Current,11.3
100203,London,25-34,Current,9.7
100204,West Midlands,45-54,Savings,1.4
100205,East Midlands,35-44,Current,0.6
100206,North West,35-44,Current,19.1
100207,West Midlands,35-44,Premier,9.5
100208,South East,35-44,Current,15.7
100209,West Midlands,45-54,Savings,4.5
100210,London,65+,Current,4.8
100211,South East,35-44,Savings,11.2
100212,London,65+,Current,17.5
100213,West Midlands,45-54,Current,5.8
100214,South West,45-54,Current,6.6
100215,South East,25-34,Savings,11.1
100216,South East,18-24,Savings,0.9
100217,West Midlands,55-64,Savings,7.6
100218,West Midlands,45-54,Current,11.2
100219,East of England,35-44,Savings,0.2
100220,Yorkshire and Humber,55-64,Current,12.8
100221,North West,35-44,Current,1.1
100222,London,55-64,Current,14.4
100223,South East,35-44,Current,16.1
100224,North East,65+,Savings,16.8
100225,North West,25-34,Current,13.5
100226,East of England,25-34,Current,11.3
100227,East Midlands,55-64,Premier,6.2
100228,London,25-34,Student,8.5
100229,London,65+,Current,1.8
100230,West Midlands,45-54,Premier,14.2
100231,West Midlands,25-34,Current,0.6
100232,Yorkshire and Humber,25-34,Student,8.3
100233,North East,65+,Current,10.2
100234,London,45-54,Current,13.0
100235,North East,65+,Premier,6.9
100236,South West,25-34,Current,8.9
100237,London,65+,Savings,11.8
100238,South West,45-54,Current,18.5
100239,East Midlands,45-54,Current,13.5
100240,West Midlands,35-44,Premier,5.2
100241,South West,18-24,Current,17.0
100242,South West,65+,Student,1.2
100243,North West,65+,Student,5.5
100244,London,35-44,Current,2.3
100245,London,65+,Current,9.0
100246,East of England,25-34,Current,12.8
100247,London,25-34,Current,10.7
100248,Yorkshire and Humber,25-34,Current,16.2
100249,Yorkshire and Humber,35-44,Current,11.4
100250,Yorkshire and Humber,18-24,Savings,4.7
100251,South East,35-44,Current,10.8
100252,East of England,25-34,Savings,14.7
100253,London,55-64,Current,10.1
100254,North West,55-64,Current,8.9
100255,North West,45-54,Current,10.6
100256,South East,25-34,Current,11.0
100257,South West,55-64,Current,6.3
100258,West Midlands,25-34,Current,17.1
100259,East Midlands,55-64,Savings,4.2
100260,London,45-54,Savings,0.8
100261,West Midlands,35-44,Current,14.9
100262,South West,25-34,Student,16.9
100263,North West,55-64,Premier,12.9
100264,West Midlands,65+,Current,9.4
100265,East of England,45-54,Premier,19.5
100266,West Midlands,65+,Current,7.5
100267,North West,65+,Savings,8.2
100268,West Midlands,25-34,Current,11.9
100269,West Midlands,55-64,Savings,8.7
100270,East Midlands,35-44,Student,11.2
100271,East Midlands,35-44,Premier,19.3
100272,West Midlands,25-34,Premier,4.8
100273,East Midlands,65+,Current,3.1
100274,London,55-64,Savings,8.5
100275,South East,25-34,Current,10.1
100276,Yorkshire and Humber,35-44,Current,14.3
100277,North West,35-44,Current,19.1
100278,London,55-64,Premier,13.8
100279,East of England,65+,Savings,19.7
100280,East of England,35-44,Current,5.0
100281,East Midlands,35-44,Premier,4.3
100282,West Midlands,45-54,Savings,6.2
100283,North West,35-44,Current,15.8
100284,North West,45-54,Current,3.8
100285,London,25-34,Savings,4.0
100286,Yorkshire and Humber,25-34,Savings,8.3
100287,East Midlands,35-44,Current,6.4
100288,Yorkshire and Humber,65+,Current,13.0
100289,London,35-44,Current,17.8
100290,West Midlands,25-34,Current,2.9
100291,South West,55-64,Current,11.0
100292,East Midlands,65+,Current,1.9
100293,East of England,35-44,Current,4.5
100294,West Midlands,18-24,Savings,6.3
100295,South West,45-54,Current,11.6
100296,East of England,35-44,Current,11.1
100297,Wales,45-54,Current,12.9
100298,South West,35-44,Premier,16.4
100299,South East,18-24,Current,3.8
100300,London,35-44,Current,14.9
100301,South East,55-64,Current,13.4
100302,West Midlands,35-44,Savings,1.7
100303,London,25-34,Current,7.0
100304,London,35-44,Current,0.7
100305,East of England,55-64,Student,1.9
100306,London,25-34,Savings,5.7
100307,Yorkshire and Humber,55-64,Current,4.9
100308,London,45-54,Current,18.0
100309,North West,35-44,Premier,17.9
100310,West Midlands,65+,Premier,11.6
100311,London,65+,Savings,14.7
100312,Yorkshire and Humber,35-44,Savings,20.0
100313,North West,18-24,Student,8.3
100314,Yorkshire and Humber,35-44,Premier,10.5
100315,Yorkshire and Humber,25-34,Current,13.1
100316,North West,45-54,Premier,18.4
100317,Yorkshire and Humber,65+,Savings,16.0
100318,South East,65+,Current,1.4
100319,North West,35-44,Current,14.3
100320,North East,35-44,Current,5.1
100321,East of England,18-24,Savings,5.2
100322,London,45-54,Savings,11.0
100323,North West,18-24,Current,14.0
100324,London,65+,Current,3.3
100325,South West,65+,Current,6.4
100326,South East,25-34,Current,14.4
100327,South West,55-64,Current,3.1
100328,London,45-54,Savings,17.0
100329,London,55-64,Current,9.2
100330,North West,35-44,Current,11.8
100331,South East,25-34,Current,1.7
100332,West Midlands,45-54,Current,19.1
100333,South East,25-34,Premier,18.2
100334,East of England,45-54,Savings,3.9
100335,West Midlands,25-34,Savings,13.3
100336,London,45-54,Current,15.9
100337,West Midlands,55-64,Current,2.5
100338,South East,25-34,Student,11.6
100339,East Midlands,35-44,Current,17.0
100340,North East,55-64,Current,10.2
100341,West Midlands,25-34,Current,18.5
100342,North East,45-54,Savings,1.1
100343,South West,45-54,Current,18.4
100344,London,35-44,Current,19.5
100345,South West,55-64,Savings,3.2
100346,South West,45-54,Current,8.7
100347,North East,45-54,Current,12.5
100348,North West,25-34,Savings,17.9
100349,London,18-24,Premier,3.3
100350,West Midlands,18-24,Current,6.7
100351,London,65+,Current,16.0
100352,West Midlands,65+,Current,8.3
100353,London,55-64,Current,12.1
100354,London,25-34,Student,11.2
100355,London,45-54,Savings,19.5
100356,London,55-64,Current,2.9
100357,South East,45-54,Savings,19.0
100358,South West,25-34,Current,11.3
100359,London,65+,Current,18.1
100360,London,25-34,Premier,2.4
100361,North East,25-34,Current,12.9
100362,West Midlands,65+,Current,16.8
100363,West Midlands,35-44,Student,15.8
100364,East Midlands,35-44,Current,0.3
100365,South East,45-54,Current,9.1
100366,Yorkshire and Humber,65+,Current,2.4
100367,South East,25-34,Current,3.1
100368,South East,55-64,Current,14.2
100369,Yorkshire and Humber,35-44,Current,19.1
100370,East of England,25-34,Current,12.7
100371,South East,35-44,Current,2.1
100372,North West,45-54,Savings,5.0
100373,Yorkshire and Humber,25-34,Student,7.6
100374,North West,35-44,Savings,2.6
100375,West Midlands,45-54,Savings,17.0
100376,West Midlands,45-54,Savings,4.0
100377,North East,55-64,Current,2.7
100378,London,55-64,Current,14.5
100379,Yorkshire and Humber,35-44,Current,2.6
100380,South East,35-44,Current,8.3
100381,London,45-54,Premier,10.4
100382,North East,45-54,Current,1.7
100383,South West,25-34,Student,11.2
100384,London,35-44,Current,9.7
100385,Yorkshire and Humber,25-34,Current,13.4
100386,Wales,35-44,Current,4.5
100387,South East,65+,Current,7.2
100388,North East,45-54,Current,13.2
100389,West Midlands,35-44,Savings,0.8
100390,East of England,45-54,Current,2.4
100391,London,45-54,Student,5.7
100392,West Midlands,35-44,Premier,2.2
100393,London,35-44,Current,0.9
100394,South East,55-64,Premier,19.7
100395,East Midlands,18-24,Current,9.2
100396,London,45-54,Current,10.7
100397,South West,45-54,Current,5.2
100398,North West,55-64,Current,0.3
100399,London,65+,Current,15.0
100400,London,55-64,Current,14.5
100401,North West,45-54,Student,19.5
100402,East of England,25-34,Current,0.5
100403,South West,45-54,Savings,2.8
100404,West Midlands,55-64,Current,14.3
100405,Wales,65+,Current,6.7
100406,East of England,55-64,Current,1.4
100407,North West,25-34,Current,6.1
100408,South West,55-64,Current,1.8
100409,West Midlands,65+,Savings,16.8
100410,Wales,45-54,Current,17.6
100411,South East,45-54,Current,12.8
100412,South East,45-54,Savings,7.8
100413,West Midlands,45-54,Savings,15.4
100414,East of England,35-44,Premier,12.7
100415,East Midlands,25-34,Current,15.9
100416,North West,55-64,Savings,10.3
100417,West Midlands,65+,Current,19.2
100418,South East,55-64,Savings,5.9
100419,West Midlands,35-44,Current,12.1
100420,East of England,25-34,Current,16.2
100421,South East,35-44,Premier,17.9
100422,East Midlands,55-64,Savings,18.9
100423,East Midlands,45-54,Current,8.0
100424,East Midlands,65+,Current,14.0
100425,London,35-44,Savings,5.9
100426,South West,45-54,Current,13.0
100427,North West,55-64,Current,3.8
100428,South West,25-34,Current,8.5
100429,East Midlands,65+,Current,18.4
100430,South West,45-54,Current,16.2
100431,East of England,18-24,Savings,10.0
100432,South East,18-24,Current,3.0
100433,South East,65+,Savings,8.0
100434,South West,45-54,Premier,2.9
100435,East Midlands,55-64,Current,1.5
100436,West Midlands,55-64,Savings,18.1
100437,West Midlands,35-44,Current,9.9
100438,London,55-64,Premier,1.9
100439,South East,65+,Current,14.4
100440,London,25-34,Current,1.6
100441,East of England,55-64,Current,8.0
100442,West Midlands,35-44,Premier,4.7
100443,South East,35-44,Current,3.4
100444,West Midlands,35-44,Savings,10.7
100445,North West,65+,Current,14.4
100446,South East,18-24,Savings,9.8
100447,Wales,35-44,Current,16.4
100448,London,45-54,Current,18.4
100449,East Midlands,25-34,Current,16.2
100450,London,55-64,Current,19.1
100451,East Midlands,65+,Savings,18.6
100452,East of England,25-34,Savings,16.7
100453,South East,25-34,Current,5.9
100454,West Midlands,65+,Current,3.6
100455,West Midlands,25-34,Current,14.6
100456,West Midlands,25-34,Savings,16.9
100457,Wales,65+,Savings,16.5
100458,London,65+,Student,12.9
100459,South West,45-54,Student,16.6
100460,London,45-54,Current,14.2
100461,London,65+,Current,13.3
100462,West Midlands,45-54,Student,1.0
100463,North East,45-54,Current,9.3
100464,North West,55-64,Current,0.8
100465,London,45-54,Current,1.9
100466,South East,45-54,Savings,10.9
100467,London,35-44,Savings,1.0
100468,North East,45-54,Premier,18.3
100469,West Midlands,45-54,Current,9.1
100470,London,35-44,Current,14.0
100471,Yorkshire and Humber,35-44,Current,3.0
100472,London,55-64,Savings,17.0
100473,West Midlands,35-44,Current,9.6
100474,West Midlands,18-24,Premier,11.2
100475,North West,35-44,Current,13.0
100476,North West,25-34,Savings,10.8
100477,Yorkshire and Humber,55-64,Savings,11.3
100478,London,35-44,Current,14.9
100479,London,35-44,Savings,16.1
100480,Yorkshire and Humber,55-64,Current,6.2
100481,Yorkshire and Humber,18-24,Savings,18.4
100482,North West,25-34,Savings,7.1
100483,London,55-64,Current,5.5
100484,North West,45-54,Current,6.3
100485,East Midlands,55-64,Premier,7.2
100486,Yorkshire and Humber,55-64,Premier,6.4
100487,London,65+,Current,16.9
100488,North West,18-24,Premier,11.3
100489,London,55-64,Current,19.4
100490,London,55-64,Current,1.8
100491,South East,25-34,Current,12.3
100492,London,65+,Current,2.0
100493,South East,35-44,Current,9.2
100494,North West,65+,Savings,7.7
100495,South West,45-54,Current,13.6
100496,London,45-54,Current,14.9
100497,London,25-34,Savings,4.8
100498,London,65+,Savings,4.0
100499,Yorkshire and Humber,45-54,Premier,8.4
100500,London,18-24,Current,4.9
100501,South East,18-24,Student,13.6
100502,East of England,55-64,Current,10.4
100503,East of England,25-34,Current,16.6
100504,London,45-54,Savings,19.6
100505,London,45-54,Current,7.6
100506,South West,35-44,Savings,18.2
100507,North West,45-54,Current,15.6
100508,South West,25-34,Current,3.1
100509,London,65+,Current,16.7
100510,West Midlands,65+,Current,9.7
100511,East Midlands,35-44,Current,14.2
100512,South West,45-54,Current,14.1
100513,East Midlands,45-54,Current,17.7
100514,North West,65+,Savings,15.2
100515,Yorkshire and Humber,35-44,Current,16.5
100516,West Midlands,45-54,Current,6.5
100517,North West,65+,Current,19.5
100518,South East,25-34,Current,13.3
100519,East Midlands,45-54,Current,15.5
100520,South West,25-34,Savings,17.2
100521,East of England,45-54,Student,2.6
100522,Yorkshire and Humber,35-44,Current,6.8
100523,West Midlands,65+,Savings,16.7
100524,London,35-44,Current,18.4
100525,West Midlands,25-34,Current,15.1
100526,Yorkshire and Humber,55-64,Current,9.7
100527,North East,55-64,Current,5.1
100528,Wales,55-64,Current,10.5
100529,South East,55-64,Current,8.0
100530,North West,25-34,Current,17.7
100531,South East,45-54,Current,11.4
100532,South East,18-24,Current,7.9
100533,Yorkshire and Humber,25-34,Savings,10.0
100534,London,65+,Student,18.7
100535,East Midlands,55-64,Current,12.3
100536,West Midlands,25-34,Current,4.7
100537,London,25-34,Current,10.1
100538,West Midlands,65+,Student,9.4
100539,West Midlands,25-34,Current,6.3
100540,South West,25-34,Current,14.8
100541,Wales,25-34,Premier,5.4
100542,London,18-24,Current,9.9
100543,South West,35-44,Current,8.9
100544,Wales,65+,Student,9.4
100545,West Midlands,35-44,Premier,11.4
100546,London,45-54,Current,13.7
100547,Yorkshire and Humber,55-64,Current,2.9
100548,East Midlands,45-54,Current,5.8
100549,South East,55-64,Current,15.5
100550,London,45-54,Current,18.2
100551,London,45-54,Current,1.0
100552,West Midlands,45-54,Savings,1.6
100553,West Midlands,55-64,Savings,18.7
100554,East of England,55-64,Premier,3.0
100555,East Midlands,55-64,Student,19.6
100556,North West,25-34,Current,16.6
100557,North West,45-54,Current,2.5
100558,London,55-64,Current,2.1
100559,London,35-44,Current,19.5
100560,London,65+,Current,5.2
100561,East Midlands,35-44,Savings,10.8
100562,North West,25-34,Current,4.8
100563,South West,65+,Current,12.1
100564,London,25-34,Current,16.8
100565,London,35-44,Premier,13.2
100566,South East,35-44,Savings,1.0
100567,South East,65+,Current,11.9
100568,East Midlands,35-44,Current,13.3
100569,Yorkshire and Humber,55-64,Premier,4.1
100570,London,55-64,Current,15.3
100571,Yorkshire and Humber,45-54,Savings,12.6
100572,South West,65+,Savings,0.3
100573,London,55-64,Savings,19.0
100574,South East,35-44,Current,9.0
100575,East of England,65+,Premier,4.7
100576,London,45-54,Current,1.8
100577,East of England,18-24,Current,7.6
100578,London,25-34,Current,6.2
100579,East of England,45-54,Current,6.0
100580,Yorkshire and Humber,25-34,Current,15.9
100581,London,45-54,Savings,13.0
100582,London,35-44,Student,2.7
100583,West Midlands,45-54,Current,14.2
100584,Yorkshire and Humber,18-24,Savings,14.5
100585,East of England,55-64,Premier,10.3
100586,London,35-44,Current,19.9
100587,West Midlands,25-34,Savings,5.7
100588,Yorkshire and Humber,35-44,Premier,1.3
100589,West Midlands,35-44,Savings,0.7
100590,East Midlands,45-54,Current,6.5
100591,East of England,45-54,Student,10.0
100592,London,18-24,Savings,1.7
100593,North West,65+,Current,11.4
100594,London,35-44,Current,18.0
100595,East Midlands,25-34,Current,16.0
100596,North West,55-64,Current,13.5
100597,South East,45-54,Current,13.3
100598,London,45-54,Current,14.6
100599,Wales,35-44,Student,9.9
100600,London,35-44,Savings,8.1
100601,London,45-54,Current,6.2
100602,South East,18-24,Current,2.1
100603,East of England,35-44,Current,11.3
100604,South East,65+,Current,9.5
100605,North East,45-54,Savings,2.5
100606,South West,35-44,Current,5.4
100607,East of England,25-34,Premier,15.8
100608,West Midlands,55-64,Current,5.2
100609,South East,25-34,Current,8.6
100610,London,25-34,Student,3.3
100611,London,25-34,Current,3.5
100612,South East,55-64,Current,15.2
100613,North East,45-54,Current,1.4
100614,Wales,18-24,Savings,5.8
100615,North West,25-34,Current,19.6
100616,South East,45-54,Savings,9.6
100617,South East,45-54,Savings,12.2
100618,Yorkshire and Humber,45-54,Student,12.9
100619,West Midlands,25-34,Savings,4.0
100620,East Midlands,55-64,Savings,7.4
100621,South East,65+,Savings,8.1
100622,London,45-54,Current,4.7
100623,Wales,25-34,Savings,4.8
100624,London,45-54,Savings,12.2
100625,Wales,35-44,Current,2.3
100626,Yorkshire and Humber,18-24,Savings,2.7
100627,South West,35-44,Current,11.5
100628,East Midlands,65+,Current,9.0
100629,London,35-44,Current,12.3
100630,South West,65+,Current,0.6
100631,East of England,45-54,Current,14.1
100632,South West,45-54,Current,17.0
100633,East Midlands,18-24,Current,10.5
100634,Yorkshire and Humber,45-54,Current,16.8
100635,East Midlands,25-34,Current,8.1
100636,West Midlands,35-44,Current,1.7
100637,South East,25-34,Premier,7.6
100638,South East,35-44,Savings,9.0
100639,South East,45-54,Current,17.3
100640,East of England,18-24,Current,6.8
100641,South East,35-44,Current,6.4
100642,South West,65+,Current,17.8
100643,East Midlands,18-24,Current,5.1
100644,North West,35-44,Savings,12.9
100645,London,35-44,Savings,6.6
100646,East of England,35-44,Current,19.0
100647,East Midlands,45-54,Savings,3.9
100648,London,25-34,Current,14.5
100649,South East,35-44,Savings,11.0
100650,East Midlands,45-54,Premier,19.6
100651,Yorkshire and Humber,35-44,Current,19.9
100652,East of England,65+,Savings,15.9
100653,South East,65+,Savings,2.2
100654,North West,25-34,Current,9.4
100655,East of England,35-44,Current,17.1
100656,Yorkshire and Humber,25-34,Savings,12.8
100657,East of England,25-34,Current,17.6
100658,North West,45-54,Current,16.0
100659,London,45-54,Savings,6.3
100660,Yorkshire and Humber,35-44,Current,4.0
100661,North West,35-44,Current,6.5
100662,East of England,35-44,Premier,13.9
100663,West Midlands,65+,Current,9.7
100664,East Midlands,65+,Current,1.0
100665,Yorkshire and Humber,25-34,Savings,14.9
100666,South East,45-54,Current,1.0
100667,South West,35-44,Savings,8.2
100668,Wales,45-54,Savings,9.3
100669,North West,45-54,Current,10.1
100670,Yorkshire and Humber,65+,Current,2.9
100671,West Midlands,18-24,Premier,15.0
100672,London,35-44,Premier,17.0
100673,Wales,65+,Current,14.0
100674,South East,25-34,Current,19.0
100675,London,25-34,Current,5.2
100676,Yorkshire and Humber,55-64,Premier,3.3
100677,East of England,55-64,Savings,1.4
100678,London,45-54,Current,14.5
100679,West Midlands,55-64,Student,3.3
100680,Yorkshire and Humber,55-64,Current,18.8
100681,East Midlands,25-34,Current,12.0
100682,West Midlands,45-54,Current,16.1
100683,East Midlands,55-64,Current,8.8
100684,London,65+,Savings,14.7
100685,London,25-34,Current,8.9
100686,Yorkshire and Humber,25-34,Savings,10.8
100687,Yorkshire and Humber,55-64,Premier,15.5
100688,North East,25-34,Current,4.8
100689,South East,18-24,Current,17.7
100690,London,55-64,Savings,14.4
100691,North West,45-54,Current,15.0
100692,East of England,35-44,Savings,4.8
100693,North West,18-24,Current,1.9
100694,North West,18-24,Current,1.5
100695,East of England,55-64,Student,13.0
100696,London,35-44,Current,3.1
100697,South East,25-34,Current,20.0
100698,London,35-44,Current,19.2
100699,South East,25-34,Savings,0.7
100700,North West,25-34,Premier,14.5
100701,North West,35-44,Current,5.3
100702,North West,45-54,Current,6.9
100703,West Midlands,25-34,Current,4.9
100704,East of England,35-44,Savings,16.6
100705,North West,35-44,Current,17.9
100706,London,35-44,Current,0.9
100707,South West,25-34,Current,5.5
100708,South West,18-24,Current,9.0
100709,London,18-24,Savings,10.5
100710,London,35-44,Current,1.8
100711,Wales,55-64,Current,16.6
100712,South East,25-34,Current,18.7
100713,South West,55-64,Current,8.1
100714,East of England,55-64,Current,17.2
100715,South West,18-24,Current,13.6
100716,West Midlands,18-24,Current,11.9
100717,London,25-34,Current,16.4
100718,West Midlands,18-24,Current,9.5
100719,South East,45-54,Savings,11.0
100720,North East,18-24,Current,5.6
100721,London,55-64,Current,14.3
100722,London,45-54,Savings,3.3
100723,East Midlands,55-64,Current,4.9
100724,North East,55-64,Current,9.7
100725,West Midlands,45-54,Savings,7.8
100726,East Midlands,65+,Current,4.9
100727,North West,65+,Premier,3.9
100728,East Midlands,35-44,Current,17.2
100729,London,25-34,Student,11.9
100730,London,35-44,Savings,7.6
100731,North West,25-34,Current,16.9
100732,East Midlands,45-54,Current,16.5
100733,West Midlands,35-44,Savings,2.3
100734,Yorkshire and Humber,35-44,Current,11.4
100735,East Midlands,55-64,Current,6.2
100736,South East,35-44,Premier,10.9
100737,West Midlands,45-54,Savings,14.4
100738,North West,35-44,Premier,0.3
100739,Yorkshire and Humber,55-64,Student,10.3
100740,Yorkshire and Humber,45-54,Savings,5.9
100741,East Midlands,18-24,Savings,10.7
100742,West Midlands,45-54,Savings,2.3
100743,East of England,25-34,Student,16.4
100744,East Midlands,55-64,Current,10.9
100745,London,45-54,Current,4.3
100746,London,35-44,Current,15.4
100747,Yorkshire and Humber,55-64,Current,0.9
100748,London,55-64,Premier,11.9
100749,South West,55-64,Savings,10.1
100750,South West,45-54,Current,0.9
100751,North West,55-64,Current,5.1
100752,North West,35-44,Current,1.6
100753,North West,55-64,Current,14.7
100754,London,55-64,Savings,14.1
100755,South East,25-34,Current,1.9
100756,North West,25-34,Current,2.3
100757,Yorkshire and Humber,25-34,Current,17.6
100758,North East,25-34,Current,4.1
100759,East Midlands,35-44,Current,6.1
100760,London,25-34,Student,13.7
100761,South East,45-54,Student,1.3
100762,West Midlands,25-34,Savings,19.0
100763,East Midlands,25-34,Current,0.6
100764,West Midlands,45-54,Current,17.0
100765,East of England,35-44,Premier,7.3
100766,East Midlands,35-44,Premier,3.1
100767,West Midlands,55-64,Current,7.6
100768,East Midlands,65+,Savings,19.5
100769,West Midlands,45-54,Current,10.6
100770,London,25-34,Current,1.3
100771,North West,25-34,Premier,18.8
100772,London,65+,Premier,3.0
100773,London,45-54,Premier,1.2
100774,South West,55-64,Current,1.0
100775,East Midlands,45-54,Current,16.5
100776,East of England,25-34,Student,3.1
100777,London,35-44,Savings,3.7
100778,West Midlands,55-64,Current,18.9
100779,South East,65+,Current,12.3
100780,East of England,25-34,Current,5.8
100781,North West,45-54,Current,11.8
100782,East of England,25-34,Student,4.9
100783,London,65+,Current,9.9
100784,London,25-34,Current,6.8
100785,Wales,55-64,Current,12.5
100786,Yorkshire and Humber,25-34,Current,15.2
100787,South West,45-54,Current,7.0
100788,North West,45-54,Current,3.0
100789,South West,35-44,Savings,7.2
100790,London,55-64,Current,15.2
100791,North West,65+,Savings,15.8
100792,Yorkshire and Humber,55-64,Current,15.7
100793,North West,35-44,Current,19.5
100794,East Midlands,55-64,Current,16.5
100795,East Midlands,45-54,Savings,19.4
100796,Yorkshire and Humber,45-54,Current,12.6
100797,East Midlands,35-44,Current,4.7
100798,West Midlands,45-54,Current,12.2
100799,South East,25-34,Current,4.0
100800,South East,35-44,Current,1.8
100801,South East,25-34,Current,6.1
100802,North West,35-44,Current,7.3
100803,East of England,25-34,Current,14.2
100804,London,25-34,Savings,7.3
100805,West Midlands,55-64,Current,0.2
100806,West Midlands,45-54,Premier,18.3
100807,South East,18-24,Savings,11.8
100808,West Midlands,55-64,Current,4.3
100809,London,65+,Savings,5.1
100810,Wales,65+,Current,2.6
100811,East Midlands,55-64,Premier,18.1
100812,East Midlands,65+,Premier,4.7
100813,Wales,45-54,Student,18.8
100814,London,65+,Current,5.4
100815,West Midlands,65+,Premier,16.0
100816,East of England,35-44,Savings,0.3
100817,East of England,65+,Student,9.7
100818,London,55-64,Current,7.4
100819,London,55-64,Premier,6.8
100820,North West,65+,Savings,19.8
100821,East Midlands,35-44,Current,14.4
100822,London,35-44,Premier,5.2
100823,North West,45-54,Savings,15.1
100824,South East,55-64,Premier,2.7
100825,South West,65+,Current,18.5
100826,East Midlands,65+,Current,8.6
100827,London,55-64,Savings,3.9
100828,North West,65+,Current,5.5
100829,East of England,25-34,Savings,3.2
100830,North West,65+,Savings,18.6
100831,London,18-24,Current,6.2
100832,London,45-54,Savings,2.9
100833,Yorkshire and Humber,25-34,Current,16.3
100834,South East,45-54,Savings,4.3
100835,South East,35-44,Student,2.0
100836,London,25-34,Current,13.4
100837,South East,45-54,Current,0.2
100838,Wales,55-64,Current,16.7
100839,Yorkshire and Humber,25-34,Current,11.3
100840,London,55-64,Student,5.0
100841,East Midlands,25-34,Current,9.5
100842,South West,25-34,Current,5.3
100843,London,25-34,Current,10.7
100844,Yorkshire and Humber,45-54,Savings,11.5
100845,West Midlands,55-64,Savings,15.5
100846,East of England,45-54,Current,9.4
100847,Yorkshire and Humber,55-64,Current,15.8
100848,South East,45-54,Current,1.5
100849,West Midlands,55-64,Current,18.4
100850,North East,65+,Current,3.8
100851,West Midlands,35-44,Savings,16.7
100852,West Midlands,25-34,Current,9.9
100853,East of England,25-34,Current,2.2
100854,East of England,45-54,Savings,7.3
100855,North West,45-54,Savings,18.4
100856,London,25-34,Current,16.7
100857,South East,65+,Current,14.5
100858,East of England,65+,Savings,7.7
100859,Yorkshire and Humber,25-34,Current,11.8
100860,London,25-34,Savings,4.7
100861,South East,25-34,Savings,13.0
100862,South East,35-44,Student,5.3
100863,South West,55-64,Current,16.6
100864,London,45-54,Current,14.1
100865,West Midlands,18-24,Student,7.8
100866,East of England,35-44,Current,13.2
100867,East of England,25-34,Current,6.6
100868,South West,35-44,Current,3.2
100869,West Midlands,35-44,Current,4.8
100870,West Midlands,45-54,Savings,5.5
100871,South East,45-54,Premier,4.6
100872,East Midlands,65+,Savings,13.6
100873,Wales,18-24,Current,14.8
100874,Yorkshire and Humber,55-64,Premier,9.2
100875,South East,18-24,Savings,19.8
100876,East of England,35-44,Current,17.8
100877,Yorkshire and Humber,65+,Savings,1.8
100878,North West,55-64,Current,9.3
100879,London,25-34,Current,18.2
100880,London,45-54,Current,4.5
100881,Yorkshire and Humber,55-64,Current,7.6
100882,London,65+,Current,18.9
100883,North East,45-54,Current,15.5
100884,London,18-24,Current,16.7
100885,West Midlands,45-54,Current,17.6
100886,Yorkshire and Humber,25-34,Current,3.5
100887,Yorkshire and Humber,18-24,Savings,14.0
100888,West Midlands,45-54,Student,16.1
100889,West Midlands,55-64,Current,4.6
100890,South East,18-24,Savings,1.0
100891,Yorkshire and Humber,55-64,Current,3.6
100892,North East,55-64,Current,14.9
100893,North West,55-64,Current,13.9
100894,West Midlands,25-34,Current,17.8
100895,South East,35-44,Current,6.4
100896,East of England,25-34,Savings,12.5
100897,North West,25-34,Savings,0.6
100898,West Midlands,35-44,Premier,18.7
100899,West Midlands,35-44,Premier,11.1
100900,London,25-34,Current,15.0
100901,London,25-34,Current,5.7
100902,North West,65+,Current,1.7
100903,East Midlands,55-64,Current,1.4
100904,London,35-44,Student,16.3
100905,North East,65+,Current,3.1
100906,South East,25-34,Current,16.5
100907,London,35-44,Current,5.4
100908,West Midlands,55-64,Student,10.9
100909,North West,35-44,Current,5.3
100910,North West,25-34,Savings,1.1
100911,South East,35-44,Current,10.9
100912,East of England,45-54,Current,7.4
100913,East of England,45-54,Current,8.8
100914,Wales,35-44,Savings,12.1
100915,Wales,35-44,Savings,6.3
100916,North East,25-34,Current,11.3
100917,East Midlands,45-54,Current,13.2
100918,West Midlands,25-34,Current,1.9
100919,North West,65+,Current,7.1
100920,London,55-64,Current,1.9
100921,West Midlands,35-44,Current,0.2
100922,South West,55-64,Savings,1.1
100923,London,18-24,Savings,11.9
100924,London,35-44,Savings,1.8
100925,West Midlands,35-44,Savings,17.4
100926,North West,35-44,Premier,15.2
100927,West Midlands,55-64,Premier,0.3
100928,East of England,65+,Current,11.5
100929,London,35-44,Current,0.3
100930,South East,35-44,Current,2.3
100931,North West,45-54,Student,19.8
100932,Yorkshire and Humber,35-44,Current,9.2
100933,Yorkshire and Humber,25-34,Current,0.6
100934,South East,65+,Current,17.0
100935,South East,55-64,Current,18.4
100936,West Midlands,65+,Current,11.0
100937,North East,25-34,Savings,14.1
100938,West Midlands,18-24,Current,15.6
100939,East of England,35-44,Student,14.7
100940,West Midlands,65+,Current,9.9
100941,North West,25-34,Student,16.7
100942,South West,25-34,Current,10.6
100943,West Midlands,18-24,Current,5.3
100944,Yorkshire and Humber,55-64,Premier,0.2
100945,London,55-64,Premier,7.2
100946,North West,55-64,Student,1.7
100947,South East,18-24,Premier,1.4
100948,East of England,55-64,Current,9.4
100949,East of England,35-44,Current,18.9
100950,Yorkshire and Humber,25-34,Current,2.2
100951,London,35-44,Student,5.5
100952,North West,45-54,Savings,16.6
100953,North West,35-44,Premier,8.1
100954,West Midlands,65+,Student,15.2
100955,North East,35-44,Savings,10.9
100956,East of England,35-44,Current,12.1
100957,South East,45-54,Current,3.3
100958,London,45-54,Current,7.1
100959,London,18-24,Savings,12.5
100960,London,45-54,Current,0.6
100961,London,25-34,Premier,3.8
100962,London,35-44,Savings,7.8
100963,West Midlands,55-64,Current,13.5
100964,West Midlands,45-54,Student,10.2
100965,North East,35-44,Current,14.4
100966,London,25-34,Savings,14.6
100967,North East,45-54,Current,0.7
100968,West Midlands,35-44,Current,18.0
100969,London,65+,Current,16.5
100970,West Midlands,45-54,Current,5.5
100971,North West,65+,Savings,9.7
100972,East Midlands,35-44,Premier,6.2
100973,West Midlands,55-64,Student,18.1
100974,East of England,18-24,Current,7.7
100975,North West,35-44,Premier,8.0
100976,London,25-34,Current,18.2
100977,London,18-24,Current,12.1
100978,Yorkshire and Humber,65+,Savings,2.8
100979,London,55-64,Premier,12.6
100980,West Midlands,45-54,Premier,15.9
100981,Wales,45-54,Savings,6.8
100982,South West,45-54,Current,10.6
100983,South East,45-54,Current,12.6
100984,London,55-64,Current,10.3
100985,West Midlands,45-54,Current,20.0
100986,East of England,55-64,Current,10.2
100987,Yorkshire and Humber,35-44,Current,12.9
100988,East Midlands,65+,Current,15.9
100989,Yorkshire and Humber,18-24,Current,2.8
100990,South West,35-44,Savings,1.0
100991,London,65+,Current,19.5
100992,South East,25-34,Current,14.7
100993,South West,25-34,Savings,7.9
100994,North West,35-44,Savings,0.5
100995,East of England,35-44,Current,3.4
100996,London,65+,Current,0.3
100997,London,55-64,Premier,8.0
100998,East Midlands,35-44,Savings,11.1
100999,Wales,65+,Current,3.3
101000,North West,45-54,Current,12.8
101001,East Midlands,65+,Current,19.1
101002,London,25-34,Current,19.8
101003,West Midlands,35-44,Current,16.7
101004,West Midlands,18-24,Premier,8.9
101005,London,18-24,Current,11.0
101006,Yorkshire and Humber,55-64,Current,10.1
101007,East of England,25-34,Savings,3.2
101008,North West,45-54,Current,17.1
101009,South East,55-64,Savings,13.5
101010,London,18-24,Current,12.8
101011,South East,35-44,Current,4.5
101012,London,45-54,Current,3.1
101013,London,65+,Premier,17.5
101014,North East,35-44,Savings,3.7
101015,Yorkshire and Humber,65+,Savings,1.6
101016,West Midlands,55-64,Current,12.5
101017,South East,45-54,Savings,14.1
101018,South West,35-44,Current,2.5
101019,East Midlands,55-64,Savings,4.2
101020,London,55-64,Current,15.8
101021,East of England,35-44,Savings,18.6
101022,South East,65+,Current,9.6
101023,Wales,65+,Current,15.9
101024,London,35-44,Savings,6.5
101025,South East,55-64,Current,14.1
101026,North West,45-54,Current,11.2
101027,North East,55-64,Premier,16.9
101028,Yorkshire and Humber,55-64,Current,15.5
101029,South East,18-24,Current,5.8
101030,Yorkshire and Humber,25-34,Savings,3.1
101031,London,35-44,Savings,16.2
101032,South East,65+,Current,0.8
101033,London,35-44,Current,13.6
101034,East of England,65+,Current,9.6
101035,Yorkshire and Humber,35-44,Current,1.6
101036,London,35-44,Savings,13.8
101037,Yorkshire and Humber,65+,Premier,9.7
101038,Yorkshire and Humber,45-54,Current,17.2
101039,London,35-44,Current,4.3
101040,West Midlands,18-24,Savings,0.1
101041,West Midlands,25-34,Current,2.7
101042,South East,25-34,Savings,5.5
101043,South East,35-44,Current,13.1
101044,South East,45-54,Current,7.3
101045,East Midlands,35-44,Savings,2.5
101046,North West,18-24,Premier,19.6
101047,West Midlands,25-34,Current,2.3
101048,South East,35-44,Student,7.2
101049,East of England,65+,Current,17.5
101050,North West,35-44,Current,13.1
101051,South East,25-34,Current,6.5
101052,West Midlands,45-54,Current,19.4
101053,North West,65+,Savings,10.1
101054,West Midlands,55-64,Current,0.3
101055,North West,55-64,Current,0.2
101056,South East,65+,Current,18.8
101057,East of England,45-54,Savings,5.7
101058,West Midlands,65+,Premier,16.3
101059,London,18-24,Current,1.0
101060,South East,55-64,Current,3.0
101061,North East,55-64,Premier,17.1
101062,London,65+,Current,19.9
101063,North West,35-44,Savings,1.1
101064,London,55-64,Current,3.4
101065,North West,25-34,Student,14.5
101066,Wales,45-54,Current,10.6
101067,Yorkshire and Humber,35-44,Current,8.2
101068,South East,45-54,Current,4.0
101069,East Midlands,45-54,Current,18.9
101070,Yorkshire and Humber,35-44,Current,3.5
101071,East of England,25-34,Premier,5.4
101072,London,35-44,Current,6.6
101073,London,45-54,Current,2.9
101074,North East,45-54,Current,10.8
101075,East of England,55-64,Current,6.9
101076,North West,25-34,Current,12.2
101077,London,55-64,Current,7.4
101078,London,45-54,Savings,2.4
101079,London,18-24,Savings,17.5
101080,Yorkshire and Humber,35-44,Current,10.2
101081,North West,35-44,Savings,6.5
101082,East of England,35-44,Current,0.4
101083,East of England,25-34,Current,12.0
101084,South West,25-34,Premier,15.7
101085,Wales,18-24,Student,13.0
101086,South East,25-34,Current,15.8
101087,South East,25-34,Current,3.2
101088,South East,55-64,Current,19.4
101089,London,45-54,Current,4.3
101090,London,35-44,Savings,5.4
101091,North West,45-54,Current,10.3
101092,London,45-54,Premier,0.2
101093,North West,25-34,Savings,8.9
101094,North West,25-34,Current,4.0
101095,London,25-34,Student,15.0
101096,Yorkshire and Humber,45-54,Savings,15.2
101097,North West,35-44,Current,12.4
101098,South West,35-44,Current,8.5
101099,East of England,45-54,Student,6.3
101100,West Midlands,65+,Premier,16.6
101101,East Midlands,35-44,Current,10.2
101102,Yorkshire and Humber,45-54,Savings,10.0
101103,South West,35-44,Student,2.4
101104,South West,55-64,Premier,4.4
101105,West Midlands,55-64,Current,7.3
101106,South East,55-64,Current,14.0
101107,West Midlands,25-34,Student,16.9
101108,Yorkshire and Humber,35-44,Current,19.9
101109,Wales,55-64,Current,8.6
101110,West Midlands,35-44,Current,9.1
101111,West Midlands,65+,Current,15.3
101112,Yorkshire and Humber,35-44,Savings,6.5
101113,London,45-54,Current,10.9
101114,North East,35-44,Savings,13.6
101115,Wales,35-44,Current,4.8
101116,East Midlands,55-64,Savings,5.7
101117,West Midlands,25-34,Current,7.2
101118,South West,45-54,Current,11.6
101119,North West,45-54,Premier,5.5
101120,East of England,55-64,Savings,4.2
101121,South East,45-54,Current,3.1
101122,West Midlands,65+,Current,16.2
101123,South West,65+,Current,17.7
101124,West Midlands,35-44,Premier,18.1
101125,Yorkshire and Humber,55-64,Current,16.5
101126,London,65+,Premier,2.8
101127,London,25-34,Current,2.0
101128,South East,45-54,Savings,10.0
101129,South East,35-44,Current,10.5
101130,Wales,45-54,Current,14.7
101131,Wales,25-34,Premier,4.5
101132,London,55-64,Current,18.6
101133,West Midlands,35-44,Premier,6.3
101134,South East,45-54,Current,11.6
101135,Wales,18-24,Current,17.3
101136,North West,55-64,Premier,10.5
101137,London,45-54,Savings,15.1
101138,Yorkshire and Humber,45-54,Current,15.0
101139,East Midlands,35-44,Current,15.8
101140,South East,25-34,Current,16.2
101141,Yorkshire and Humber,35-44,Student,7.9
101142,South West,65+,Current,7.3
101143,South West,25-34,Current,16.1
101144,South West,45-54,Current,11.6
101145,Yorkshire and Humber,18-24,Savings,12.2
101146,North West,55-64,Premier,8.3
101147,South East,25-34,Savings,4.1
101148,South West,35-44,Current,9.2
101149,London,35-44,Current,19.4
101150,East of England,25-34,Current,5.9
101151,West Midlands,35-44,Student,5.5
101152,East of England,35-44,Current,2.7
101153,West Midlands,45-54,Savings,9.7
101154,West Midlands,65+,Current,5.8
101155,London,35-44,Premier,13.8
101156,East Midlands,65+,Current,2.8
101157,East Midlands,35-44,Current,5.0
101158,East Midlands,25-34,Premier,1.3
101159,London,25-34,Premier,0.9
101160,South East,35-44,Current,16.3
101161,East Midlands,35-44,Savings,18.1
101162,South East,65+,Savings,15.3
101163,South West,45-54,Current,17.3
101164,West Midlands,45-54,Current,1.8
101165,West Midlands,45-54,Savings,18.0
101166,East of England,35-44,Savings,9.4
101167,South West,45-54,Current,15.4
101168,London,25-34,Current,12.4
101169,South West,25-34,Savings,7.1
101170,West Midlands,35-44,Current,5.4
101171,Yorkshire and Humber,25-34,Savings,2.5
101172,South East,45-54,Savings,8.3
101173,North West,18-24,Current,9.9
101174,South East,25-34,Current,19.7
101175,London,65+,Current,0.8
101176,South East,65+,Current,11.8
101177,London,35-44,Current,10.5
101178,Yorkshire and Humber,45-54,Savings,0.6
101179,North West,55-64,Student,6.7
101180,West Midlands,18-24,Current,8.5
101181,South East,35-44,Savings,9.9
101182,West Midlands,25-34,Current,4.7
101183,East Midlands,35-44,Savings,0.8
101184,West Midlands,65+,Current,5.9
101185,West Midlands,55-64,Current,16.7
101186,South West,65+,Current,16.2
101187,Yorkshire and Humber,55-64,Current,3.7
101188,Wales,45-54,Premier,13.0
101189,West Midlands,55-64,Current,18.5
101190,South East,45-54,Current,3.5
101191,London,35-44,Savings,2.7
101192,Yorkshire and Humber,35-44,Current,0.5
101193,East of England,45-54,Current,3.5
101194,Wales,25-34,Current,16.3
101195,East of England,35-44,Current,16.3
101196,West Midlands,25-34,Student,10.9
101197,North West,45-54,Current,6.7
101198,South East,25-34,Current,16.2
101199,North West,35-44,Current,4.0
101200,South East,45-54,Premier,2.9
101201,London,25-34,Student,1.9
101202,London,65+,Current,17.0
101203,South West,35-44,Savings,14.3
101204,South East,35-44,Current,12.5
101205,East Midlands,18-24,Current,14.6
101206,East Midlands,55-64,Student,3.0
101207,London,45-54,Student,7.8
101208,London,35-44,Current,16.3
101209,North West,25-34,Student,18.3
101210,Yorkshire and Humber,55-64,Savings,10.3
101211,South East,65+,Savings,2.5
101212,South West,35-44,Savings,19.6
101213,London,25-34,Current,8.0
101214,Yorkshire and Humber,25-34,Premier,6.4
101215,North West,18-24,Current,2.5
101216,London,55-64,Current,0.4
101217,North West,65+,Current,12.1
101218,London,65+,Savings,12.3
101219,South East,55-64,Current,4.8
101220,East Midlands,25-34,Current,3.3
101221,East Midlands,65+,Savings,10.6
101222,North West,35-44,Current,8.8
101223,East of England,35-44,Current,6.1
101224,London,45-54,Current,4.4
101225,West Midlands,18-24,Savings,17.2
101226,East of England,55-64,Current,19.7
101227,London,65+,Current,7.2
101228,London,55-64,Current,14.0
101229,North East,55-64,Premier,17.3
101230,East Midlands,35-44,Savings,0.6
101231,North West,18-24,Current,18.2
101232,London,55-64,Student,10.0
101233,West Midlands,45-54,Student,11.2
101234,South East,65+,Savings,10.8
101235,North West,25-34,Current,4.9
101236,West Midlands,35-44,Current,15.7
101237,West Midlands,35-44,Savings,14.7
101238,Yorkshire and Humber,45-54,Current,2.0
101239,West Midlands,55-64,Current,11.3
101240,West Midlands,65+,Current,19.1
101241,East of England,35-44,Current,17.4
101242,North West,45-54,Current,12.6
101243,Yorkshire and Humber,18-24,Current,4.1
101244,East Midlands,25-34,Savings,7.0
101245,Yorkshire and Humber,35-44,Savings,3.1
101246,North West,45-54,Current,16.5
101247,London,35-44,Current,15.6
101248,West Midlands,35-44,Current,18.2
101249,East of England,45-54,Current,1.4
101250,East of England,55-64,Savings,19.3
101251,West Midlands,25-34,Savings,19.3
101252,West Midlands,35-44,Student,13.5
101253,West Midlands,55-64,Premier,17.6
101254,London,55-64,Current,8.8
101255,West Midlands,55-64,Savings,6.3
101256,East of England,25-34,Current,3.2
101257,South East,45-54,Current,0.7
101258,South West,65+,Current,0.9
101259,London,35-44,Current,13.9
101260,Wales,35-44,Savings,6.8
101261,East Midlands,65+,Savings,1.2
101262,Yorkshire and Humber,25-34,Current,2.3
101263,North West,55-64,Current,13.3
101264,North East,55-64,Current,18.8
101265,London,25-34,Savings,8.2
101266,South West,55-64,Current,15.6
101267,West Midlands,35-44,Current,19.5
101268,Wales,55-64,Current,14.2
101269,London,65+,Savings,14.5
101270,London,65+,Savings,12.4
101271,Wales,18-24,Current,19.6
101272,Yorkshire and Humber,55-64,Current,6.1
101273,Yorkshire and Humber,65+,Current,15.7
101274,London,45-54,Savings,8.4
101275,West Midlands,45-54,Current,3.2
101276,North West,18-24,Savings,14.8
101277,West Midlands,55-64,Premier,16.6
101278,West Midlands,18-24,Current,17.3
101279,East of England,35-44,Current,18.4
101280,London,65+,Current,14.9
101281,Yorkshire and Humber,65+,Current,10.6
101282,Yorkshire and Humber,65+,Premier,18.8
101283,London,35-44,Premier,4.3
101284,London,25-34,Current,1.6
101285,East of England,35-44,Premier,8.7
101286,North East,25-34,Current,11.7
101287,Yorkshire and Humber,65+,Current,13.6
101288,North West,45-54,Savings,16.3
101289,London,35-44,Current,0.6
101290,London,25-34,Current,16.1
101291,London,35-44,Savings,12.0
101292,South East,65+,Current,19.1
101293,London,55-64,Premier,7.0
101294,North West,25-34,Current,12.4
101295,Yorkshire and Humber,25-34,Current,15.4
101296,Yorkshire and Humber,35-44,Premier,10.4
101297,West Midlands,25-34,Current,3.2
101298,West Midlands,65+,Current,1.1
101299,South East,45-54,Current,2.3
101300,Yorkshire and Humber,25-34,Current,9.9
101301,North West,55-64,Current,12.8
101302,London,35-44,Current,11.5
101303,South East,25-34,Current,14.3
101304,North West,45-54,Current,0.9
101305,South West,18-24,Student,2.8
101306,East of England,35-44,Premier,15.2
101307,London,55-64,Current,15.6
101308,South East,65+,Premier,14.1
101309,East Midlands,35-44,Student,14.9
101310,North East,45-54,Premier,19.3
101311,Yorkshire and Humber,25-34,Savings,18.9
101312,East of England,45-54,Current,12.9
101313,London,25-34,Current,6.5
101314,East Midlands,45-54,Premier,0.4
101315,East Midlands,25-34,Current,12.7
101316,South East,65+,Student,8.7
101317,London,65+,Savings,3.0
101318,East Midlands,35-44,Current,4.4
101319,South East,55-64,Current,18.7
101320,East of England,25-34,Premier,1.4
101321,London,55-64,Current,15.8
101322,London,35-44,Savings,18.1
101323,East Midlands,25-34,Premier,13.8
101324,South West,45-54,Current,1.3
101325,Yorkshire and Humber,35-44,Current,16.9
101326,East of England,45-54,Current,13.1
101327,Yorkshire and Humber,45-54,Student,5.6
101328,London,18-24,Current,12.6
101329,North West,18-24,Current,2.8
101330,West Midlands,45-54,Current,14.2
101331,South East,45-54,Current,18.1
101332,London,18-24,Current,10.5
101333,London,35-44,Current,19.0
101334,North East,45-54,Student,8.8
101335,North East,45-54,Current,17.2
101336,East of England,55-64,Savings,15.5
101337,West Midlands,35-44,Premier,1.9
101338,London,45-54,Savings,18.3
101339,East of England,45-54,Savings,18.2
101340,Yorkshire and Humber,35-44,Current,7.1
101341,West Midlands,18-24,Current,15.9
101342,South West,18-24,Current,4.6
101343,London,55-64,Current,0.7
101344,London,25-34,Current,4.2
101345,Wales,45-54,Current,9.7
101346,London,45-54,Current,1.2
101347,Yorkshire and Humber,35-44,Savings,3.3
101348,Yorkshire and Humber,55-64,Current,19.0
101349,Yorkshire and Humber,55-64,Current,9.9
101350,West Midlands,18-24,Current,16.5
101351,South West,55-64,Current,4.2
101352,South West,45-54,Current,1.9
101353,North West,35-44,Current,15.6
101354,North West,55-64,Current,7.0
101355,East of England,45-54,Current,9.3
101356,East Midlands,35-44,Premier,19.8
101357,London,65+,Current,6.4
101358,London,45-54,Current,9.5
101359,South East,45-54,Savings,12.7
101360,West Midlands,18-24,Student,1.9
101361,South East,35-44,Premier,14.4
101362,Yorkshire and Humber,35-44,Current,9.1
101363,London,45-54,Current,3.6
101364,East Midlands,45-54,Current,8.7
101365,London,55-64,Savings,9.3
101366,London,25-34,Current,12.9
101367,North West,55-64,Premier,18.7
101368,West Midlands,55-64,Current,15.3
101369,West Midlands,55-64,Current,7.7
101370,Yorkshire and Humber,55-64,Current,19.4
101371,West Midlands,65+,Current,15.8
101372,North East,25-34,Current,0.7
101373,Yorkshire and Humber,55-64,Savings,2.4
101374,South West,65+,Current,4.4
101375,Wales,45-54,Current,1.8
101376,East Midlands,25-34,Savings,9.8
101377,South East,65+,Premier,6.9
101378,East of England,25-34,Savings,19.5
101379,London,35-44,Savings,9.5
101380,Yorkshire and Humber,25-34,Current,4.3
101381,London,35-44,Premier,19.4
101382,East Midlands,35-44,Current,10.3
101383,London,45-54,Premier,1.6
101384,Wales,65+,Savings,1.7
101385,North East,35-44,Current,13.5
101386,East Midlands,45-54,Current,9.9
101387,South East,65+,Savings,12.5
101388,North West,55-64,Savings,17.0
101389,East of England,25-34,Current,13.7
101390,East Midlands,18-24,Premier,17.2
101391,North East,45-54,Current,14.9
101392,South West,55-64,Current,13.5
101393,West Midlands,45-54,Current,2.8
101394,East Midlands,25-34,Current,9.7
101395,South West,55-64,Current,8.7
101396,West Midlands,45-54,Premier,10.9
101397,London,45-54,Current,7.9
101398,East of England,65+,Student,12.4
101399,London,55-64,Savings,7.9
101400,Yorkshire and Humber,45-54,Current,11.2
101401,London,45-54,Student,8.0
101402,East Midlands,45-54,Savings,18.0
101403,North East,45-54,Current,7.5
101404,North West,35-44,Current,14.6
101405,West Midlands,55-64,Current,12.3
101406,North West,45-54,Current,7.8
101407,North East,35-44,Current,16.2
101408,West Midlands,25-34,Current,18.6
101409,East of England,55-64,Premier,15.2
101410,South East,45-54,Savings,19.0
101411,South West,35-44,Savings,8.8
101412,Wales,35-44,Premier,18.3
101413,South West,25-34,Current,17.5
101414,North East,65+,Current,15.3
101415,West Midlands,65+,Savings,16.7
101416,South West,45-54,Current,14.6
101417,London,35-44,Current,10.3
101418,London,55-64,Savings,11.1
101419,East of England,45-54,Current,8.4
101420,Wales,65+,Current,13.3
101421,South East,18-24,Current,6.6
101422,London,18-24,Savings,14.8
101423,London,45-54,Current,10.2
101424,Yorkshire and Humber,25-34,Current,7.1
101425,Yorkshire and Humber,45-54,Student,3.0
101426,Yorkshire and Humber,55-64,Premier,5.2
101427,East Midlands,25-34,Current,12.8
101428,East Midlands,35-44,Current,7.5
101429,South East,45-54,Current,0.8
101430,London,55-64,Current,6.7
101431,North East,45-54,Current,7.4
101432,London,25-34,Current,4.8
101433,East Midlands,45-54,Current,5.8
101434,West Midlands,35-44,Current,14.1
101435,West Midlands,55-64,Current,15.0
101436,Wales,45-54,Savings,19.2
101437,North West,35-44,Current,2.4
101438,London,55-64,Current,6.3
101439,North East,45-54,Current,1.6
101440,Wales,25-34,Student,12.3
101441,North West,45-54,Current,0.4
101442,East Midlands,65+,Current,4.2
101443,West Midlands,55-64,Savings,11.8
101444,East Midlands,35-44,Savings,7.2
101445,West Midlands,55-64,Savings,10.9
101446,London,35-44,Current,12.8
101447,East of England,45-54,Current,16.8
101448,London,45-54,Current,7.9
101449,London,25-34,Current,5.7
101450,West Midlands,35-44,Current,10.8
101451,South West,65+,Current,1.5
101452,London,25-34,Current,0.9
101453,East of England,55-64,Premier,9.1
101454,North East,45-54,Current,4.4
101455,Yorkshire and Humber,45-54,Current,0.2
101456,West Midlands,25-34,Premier,13.6
101457,North West,25-34,Savings,16.3
101458,London,25-34,Current,3.0
101459,North East,45-54,Savings,11.3
101460,Yorkshire and Humber,65+,Current,19.7
101461,South East,65+,Savings,5.4
101462,London,18-24,Current,14.6
101463,West Midlands,35-44,Premier,3.3
101464,North West,25-34,Current,18.6
101465,South East,65+,Savings,0.1
101466,South East,25-34,Current,6.0
101467,London,25-34,Current,19.5
101468,North West,45-54,Current,13.4
101469,South East,45-54,Savings,4.3
101470,West Midlands,25-34,Current,15.8
101471,North East,45-54,Premier,18.0
101472,West Midlands,25-34,Current,9.8
101473,West Midlands,18-24,Savings,3.2
101474,London,25-34,Current,5.2
101475,London,35-44,Current,18.9
101476,London,65+,Savings,3.3
101477,London,45-54,Savings,6.3
101478,Wales,55-64,Current,3.0
101479,London,35-44,Current,2.2
101480,London,55-64,Current,10.5
101481,Yorkshire and Humber,65+,Current,8.0
101482,East Midlands,35-44,Current,1.0
101483,London,65+,Current,3.0
101484,North West,45-54,Current,0.8
101485,London,55-64,Premier,0.6
101486,East Midlands,25-34,Current,3.7
101487,Wales,45-54,Current,14.9
101488,London,45-54,Current,0.4
101489,East of England,65+,Current,6.2
101490,London,65+,Savings,11.3
101491,East Midlands,35-44,Savings,14.9
101492,South West,65+,Savings,13.6
101493,London,65+,Savings,19.8
101494,South West,45-54,Current,5.6
101495,Yorkshire and Humber,25-34,Current,0.1
101496,London,25-34,Current,0.9
101497,East of England,25-34,Premier,2.0
101498,London,25-34,Savings,19.5
101499,Yorkshire and Humber,65+,Current,11.4
101500,South East,25-34,Current,16.0
101501,South East,55-64,Current,19.7
101502,North East,45-54,Premier,16.9
101503,Yorkshire and Humber,45-54,Current,8.2
101504,Yorkshire and Humber,25-34,Current,17.5
101505,South West,45-54,Current,8.7
101506,London,45-54,Savings,2.4
101507,South East,45-54,Savings,11.0
101508,London,25-34,Current,18.3
101509,North West,55-64,Savings,15.7
101510,South East,25-34,Current,8.1
101511,West Midlands,45-54,Savings,17.1
101512,West Midlands,35-44,Current,9.3
101513,London,25-34,Current,13.7
101514,South East,55-64,Current,6.7
101515,East of England,25-34,Current,4.0
101516,North West,65+,Current,6.3
101517,West Midlands,65+,Current,17.5
101518,North East,35-44,Current,19.8
101519,West Midlands,35-44,Current,5.4
101520,West Midlands,25-34,Savings,3.4
101521,North West,65+,Current,1.5
101522,London,45-54,Current,15.1
101523,East of England,18-24,Savings,10.6
101524,South East,45-54,Current,11.2
101525,South East,25-34,Student,1.0
101526,West Midlands,45-54,Current,1.7
101527,Yorkshire and Humber,45-54,Premier,18.3
101528,London,25-34,Student,11.6
101529,West Midlands,55-64,Current,4.5
101530,North West,25-34,Current,4.2
101531,North West,45-54,Savings,4.9
101532,West Midlands,45-54,Savings,1.4
101533,London,65+,Current,1.1
101534,South East,45-54,Current,14.4
101535,East Midlands,65+,Current,5.3
101536,London,35-44,Savings,7.8
101537,South West,55-64,Savings,10.8
101538,South East,25-34,Current,6.5
101539,South West,55-64,Current,9.6
101540,London,25-34,Savings,17.3
101541,South West,65+,Premier,5.0
101542,North West,65+,Current,15.8
101543,Yorkshire and Humber,35-44,Current,5.4
101544,West Midlands,45-54,Current,3.8
101545,London,45-54,Savings,1.5
101546,Yorkshire and Humber,35-44,Current,13.7
101547,North West,45-54,Current,8.3
101548,South East,55-64,Savings,15.4
101549,North West,45-54,Current,2.7
101550,North West,25-34,Current,12.1
101551,West Midlands,65+,Current,0.4
101552,London,25-34,Current,4.8
101553,North West,45-54,Current,12.2
101554,Yorkshire and Humber,25-34,Current,1.2
101555,North West,25-34,Current,7.6
101556,South East,18-24,Current,11.3
101557,North East,35-44,Student,14.6
101558,London,45-54,Student,14.1
101559,London,45-54,Current,3.0
101560,East of England,45-54,Savings,1.6
101561,Wales,45-54,Current,7.6
101562,London,25-34,Savings,4.9
101563,East of England,18-24,Student,6.2
101564,East of England,45-54,Current,6.9
101565,South West,45-54,Current,8.0
101566,London,45-54,Current,10.4
101567,East Midlands,25-34,Current,0.3
101568,East Midlands,55-64,Current,6.0
101569,London,25-34,Current,5.4
101570,London,45-54,Savings,4.8
101571,Yorkshire and Humber,25-34,Current,15.8
101572,London,45-54,Current,5.1
101573,London,35-44,Current,3.1
101574,South West,55-64,Savings,17.1
101575,West Midlands,18-24,Current,7.7
101576,North West,45-54,Current,3.8
101577,South West,25-34,Student,15.0
101578,South West,45-54,Current,13.2
101579,Wales,25-34,Current,18.9
101580,East of England,25-34,Current,17.6
101581,East of England,55-64,Current,13.9
101582,North West,18-24,Premier,3.3
101583,Yorkshire and Humber,25-34,Current,9.7
101584,North West,55-64,Current,2.5
101585,London,55-64,Current,11.0
101586,North East,55-64,Premier,18.3
101587,Yorkshire and Humber,35-44,Student,0.2
101588,London,45-54,Current,17.5
101589,North West,55-64,Current,10.8
101590,West Midlands,25-34,Current,3.1
101591,West Midlands,55-64,Savings,17.1
101592,East Midlands,25-34,Current,10.8
101593,North East,65+,Current,9.0
101594,Yorkshire and Humber,45-54,Current,10.0
101595,South West,45-54,Premier,3.0
101596,South East,35-44,Current,2.3
101597,West Midlands,25-34,Current,13.3
101598,West Midlands,35-44,Premier,17.6
101599,South West,55-64,Current,13.9
101600,North West,45-54,Current,16.8
101601,East of England,45-54,Current,16.9
101602,West Midlands,25-34,Current,0.7
101603,South East,55-64,Current,15.4
101604,South West,35-44,Current,15.5
101605,North West,25-34,Current,7.1
101606,North West,65+,Current,8.3
101607,North East,45-54,Student,14.9
101608,North West,45-54,Current,19.7
101609,Yorkshire and Humber,65+,Savings,19.8
101610,London,35-44,Current,9.5
101611,North West,65+,Current,15.8
101612,South East,55-64,Current,9.4
101613,South East,45-54,Current,17.3
101614,Yorkshire and Humber,25-34,Current,13.0
101615,South West,18-24,Current,18.7
101616,North West,35-44,Savings,19.9
101617,East Midlands,18-24,Premier,6.7
101618,London,25-34,Current,19.6
101619,Wales,45-54,Premier,13.9
101620,East Midlands,55-64,Current,4.8
101621,West Midlands,25-34,Current,0.2
101622,London,55-64,Current,13.7
101623,South West,65+,Savings,4.5
101624,East Midlands,55-64,Savings,4.7
101625,Yorkshire and Humber,55-64,Premier,11.1
101626,South East,55-64,Savings,0.7
101627,Yorkshire and Humber,25-34,Current,8.4
101628,West Midlands,35-44,Student,16.0
101629,West Midlands,65+,Premier,0.6
101630,Yorkshire and Humber,45-54,Savings,12.5
101631,London,55-64,Current,3.3
101632,East of England,65+,Savings,17.3
101633,London,25-34,Current,7.9
101634,South East,35-44,Premier,16.3
101635,Wales,45-54,Premier,14.5
101636,Yorkshire and Humber,18-24,Savings,17.6
101637,Yorkshire and Humber,45-54,Current,10.4
101638,East of England,55-64,Current,9.8
101639,North West,45-54,Premier,0.8
101640,South East,35-44,Student,10.7
101641,South East,55-64,Savings,10.5
101642,West Midlands,25-34,Premier,12.2
101643,London,65+,Current,2.7
101644,West Midlands,25-34,Student,10.8
101645,West Midlands,65+,Current,9.1
101646,London,45-54,Current,12.0
101647,North West,35-44,Current,13.2
101648,South West,45-54,Current,7.3
101649,East of England,25-34,Current,10.1
101650,South West,35-44,Savings,8.0
101651,North West,55-64,Current,15.3
101652,North West,55-64,Savings,15.9
101653,North West,25-34,Current,5.9
101654,West Midlands,45-54,Student,5.3
101655,North East,55-64,Current,13.6
101656,Yorkshire and Humber,55-64,Savings,15.5
101657,North West,35-44,Current,0.3
101658,South West,18-24,Current,8.6
101659,Yorkshire and Humber,65+,Current,6.2
101660,East Midlands,35-44,Current,15.4
101661,West Midlands,35-44,Current,3.0
101662,London,55-64,Current,15.6
101663,South West,25-34,Current,13.3
101664,North West,55-64,Savings,16.9
101665,East of England,25-34,Current,19.8
101666,East of England,55-64,Current,9.6
101667,South West,65+,Current,14.0
101668,North West,65+,Current,14.2
101669,East Midlands,65+,Current,16.9
101670,East of England,65+,Savings,10.4
101671,North West,35-44,Current,2.2
101672,London,65+,Current,19.6
101673,South East,65+,Current,1.2
101674,West Midlands,45-54,Current,19.3
101675,South West,35-44,Savings,5.2
101676,North East,25-34,Current,9.9
101677,South East,45-54,Student,19.0
101678,London,55-64,Current,13.6
101679,East of England,35-44,Savings,11.8
101680,London,35-44,Current,6.6
101681,South East,45-54,Premier,5.9
101682,South West,18-24,Current,0.8
101683,South East,65+,Current,11.8
101684,North West,35-44,Student,8.7
101685,West Midlands,25-34,Current,4.6
101686,North West,18-24,Current,7.7
101687,London,55-64,Current,18.8
101688,London,65+,Current,17.0
101689,London,25-34,Savings,8.7
101690,Yorkshire and Humber,25-34,Current,19.6
101691,South West,35-44,Current,9.3
101692,East of England,25-34,Current,7.0
101693,North West,55-64,Premier,7.8
101694,South East,18-24,Current,17.5
101695,South East,45-54,Current,5.4
101696,London,35-44,Premier,4.5
101697,West Midlands,35-44,Current,19.2
101698,South West,35-44,Savings,14.7
101699,North East,25-34,Savings,15.3
101700,South East,25-34,Current,14.8
101701,East of England,18-24,Savings,13.7
101702,Wales,25-34,Premier,1.9
101703,Yorkshire and Humber,65+,Current,15.1
101704,London,35-44,Current,5.1
101705,London,35-44,Savings,2.7
101706,Wales,25-34,Current,19.7
101707,West Midlands,55-64,Current,0.7
101708,Yorkshire and Humber,65+,Current,0.7
101709,East of England,55-64,Student,6.3
101710,North West,45-54,Savings,16.9
101711,South West,55-64,Premier,19.6
101712,Yorkshire and Humber,35-44,Current,2.5
101713,Wales,55-64,Premier,8.0
101714,East of England,55-64,Current,14.7
101715,North West,18-24,Savings,12.9
101716,South East,35-44,Savings,4.7
101717,Yorkshire and Humber,25-34,Current,6.7
101718,London,25-34,Current,11.9
101719,South East,55-64,Current,0.8
101720,South West,18-24,Current,15.2
101721,East Midlands,55-64,Savings,5.6
101722,North West,65+,Current,16.6
101723,South East,35-44,Savings,13.7
101724,London,35-44,Current,12.9
101725,London,45-54,Current,15.4
101726,East Midlands,55-64,Savings,1.6
101727,Yorkshire and Humber,25-34,Current,5.3
101728,East of England,25-34,Premier,10.5
101729,East Midlands,45-54,Premier,15.6
101730,Yorkshire and Humber,65+,Current,17.0
101731,North East,35-44,Current,7.7
101732,East Midlands,35-44,Current,15.9
101733,South East,65+,Savings,4.5
101734,North West,25-34,Current,1.7
101735,East of England,25-34,Premier,5.0
101736,South East,45-54,Premier,18.1
101737,East of England,18-24,Current,10.9
101738,North West,25-34,Savings,9.7
101739,London,45-54,Current,14.9
101740,South East,45-54,Current,0.3
101741,North West,45-54,Current,2.5
101742,North West,35-44,Savings,2.1
101743,East Midlands,45-54,Current,2.5
101744,North East,45-54,Student,9.1
101745,South East,55-64,Current,5.7
101746,London,55-64,Savings,15.7
101747,South East,45-54,Premier,16.8
101748,London,65+,Savings,18.5
101749,London,55-64,Current,4.0
101750,London,25-34,Current,10.1
101751,London,65+,Current,1.1
101752,West Midlands,65+,Current,4.9
101753,East of England,35-44,Premier,12.3
101754,South West,18-24,Current,8.5
101755,Yorkshire and Humber,45-54,Current,13.8
101756,London,35-44,Savings,16.8
101757,West Midlands,55-64,Current,1.3
101758,Wales,45-54,Student,18.8
101759,East of England,25-34,Current,0.9
101760,East of England,25-34,Current,19.6
101761,Yorkshire and Humber,65+,Savings,12.8
101762,West Midlands,18-24,Current,1.0
101763,North West,55-64,Premier,7.9
101764,West Midlands,35-44,Current,5.2
101765,West Midlands,35-44,Current,16.0
101766,East Midlands,45-54,Current,4.6
101767,Wales,25-34,Current,16.5
101768,East Midlands,45-54,Current,6.3
101769,West Midlands,55-64,Current,19.8
101770,South West,25-34,Current,5.5
101771,London,35-44,Premier,13.7
101772,South East,55-64,Current,16.0
101773,London,55-64,Savings,4.4
101774,East of England,45-54,Current,1.6
101775,London,55-64,Savings,11.1
101776,London,25-34,Current,13.6
101777,South East,25-34,Current,16.4
101778,London,45-54,Current,5.5
101779,Yorkshire and Humber,55-64,Current,17.5
101780,London,55-64,Current,18.3
101781,West Midlands,25-34,Current,15.6
101782,South West,45-54,Student,0.3
101783,North West,45-54,Current,1.8
101784,West Midlands,25-34,Premier,20.0
101785,North West,45-54,Current,14.7
101786,South West,45-54,Current,12.6
101787,Yorkshire and Humber,25-34,Current,18.0
101788,South East,35-44,Current,0.9
101789,East of England,25-34,Savings,15.2
101790,East Midlands,65+,Current,13.1
101791,South East,25-34,Student,17.0
101792,North West,25-34,Current,15.6
101793,North West,18-24,Current,9.8
101794,South East,18-24,Current,1.5
101795,East of England,25-34,Savings,18.2
101796,North West,45-54,Current,15.3
101797,London,18-24,Premier,7.2
101798,North West,35-44,Current,19.7
101799,London,18-24,Current,6.3
101800,London,35-44,Savings,7.5
101801,London,18-24,Current,19.5
101802,London,45-54,Savings,13.4
101803,West Midlands,45-54,Current,17.6
101804,South East,55-64,Savings,17.8
101805,South East,25-34,Current,10.8
101806,South East,65+,Premier,5.4
101807,East Midlands,55-64,Current,17.0
101808,London,18-24,Savings,10.1
101809,Yorkshire and Humber,35-44,Current,11.3
101810,East Midlands,55-64,Savings,10.9
101811,North West,35-44,Student,0.3
101812,London,35-44,Student,1.0
101813,South East,45-54,Current,12.4
101814,North West,18-24,Current,15.9
101815,South West,65+,Savings,9.2
101816,London,25-34,Current,3.9
101817,South East,18-24,Savings,8.2
101818,London,18-24,Current,15.4
101819,London,35-44,Current,2.3
101820,London,65+,Current,11.2
101821,East of England,55-64,Savings,14.1
101822,London,65+,Current,8.4
101823,London,45-54,Current,12.1
101824,London,35-44,Student,17.7
101825,South East,35-44,Current,4.3
101826,East Midlands,18-24,Student,2.8
101827,London,65+,Current,1.3
101828,London,45-54,Current,14.6
101829,East of England,35-44,Current,18.0
101830,London,45-54,Current,13.8
101831,London,55-64,Savings,19.5
101832,North East,25-34,Current,14.2
101833,London,55-64,Current,5.8
101834,West Midlands,55-64,Current,5.2
101835,North West,55-64,Savings,13.4
101836,West Midlands,18-24,Savings,13.5
101837,East Midlands,25-34,Current,10.5
101838,London,35-44,Current,10.6
101839,South East,55-64,Current,8.4
101840,South East,65+,Savings,7.1
101841,East Midlands,45-54,Current,12.7
101842,London,25-34,Current,15.0
101843,West Midlands,25-34,Savings,16.3
101844,North East,45-54,Current,6.2
101845,West Midlands,25-34,Savings,17.2
101846,London,45-54,Current,6.1
101847,North West,55-64,Premier,6.2
101848,London,35-44,Current,16.1
101849,Yorkshire and Humber,35-44,Current,19.4
101850,South East,18-24,Current,18.7
101851,North West,25-34,Current,2.3
101852,East of England,55-64,Savings,5.8
101853,London,35-44,Current,15.2
101854,South East,25-34,Current,16.1
101855,South West,25-34,Savings,10.1
101856,Wales,25-34,Current,0.4
101857,North West,45-54,Savings,10.1
101858,North West,45-54,Savings,0.7
101859,North West,45-54,Current,5.7
101860,North West,45-54,Savings,13.2
101861,London,25-34,Student,2.8
101862,Wales,45-54,Savings,14.3
101863,Wales,18-24,Current,12.5
101864,London,65+,Current,8.7
101865,London,18-24,Premier,7.5
101866,East of England,35-44,Current,18.3
101867,North East,18-24,Current,11.1
101868,West Midlands,55-64,Current,17.8
101869,London,25-34,Savings,8.3
101870,South West,65+,Savings,11.9
101871,North West,18-24,Premier,19.1
101872,London,55-64,Premier,2.6
101873,Wales,45-54,Current,5.3
101874,Wales,25-34,Current,18.3
101875,East of England,25-34,Current,8.5
101876,South West,35-44,Current,5.5
101877,North West,55-64,Current,19.9
101878,North West,65+,Premier,2.1
101879,London,25-34,Current,12.3
101880,London,35-44,Current,15.8
101881,London,25-34,Current,15.8
101882,London,25-34,Current,8.9
101883,Yorkshire and Humber,45-54,Current,1.0
101884,South East,35-44,Current,16.8
101885,Yorkshire and Humber,25-34,Current,16.1
101886,Yorkshire and Humber,65+,Current,4.8
101887,West Midlands,55-64,Savings,6.9
101888,West Midlands,55-64,Savings,10.3
101889,East of England,18-24,Student,2.4
101890,London,65+,Current,16.4
101891,North West,45-54,Current,18.4
101892,South East,45-54,Current,6.2
101893,London,18-24,Premier,18.5
101894,East Midlands,65+,Current,16.0
101895,North West,45-54,Current,14.6
101896,West Midlands,55-64,Premier,19.4
101897,South East,45-54,Premier,6.6
101898,North West,55-64,Current,18.3
101899,East Midlands,55-64,Savings,2.1
101900,East Midlands,65+,Current,9.6
101901,London,25-34,Current,11.1
101902,East Midlands,25-34,Current,2.5
101903,South West,55-64,Premier,14.8
101904,West Midlands,45-54,Current,9.6
101905,London,45-54,Savings,9.2
101906,London,55-64,Current,11.7
101907,London,45-54,Savings,2.8
101908,East Midlands,55-64,Savings,4.1
101909,South West,35-44,Savings,3.7
101910,East of England,55-64,Premier,19.0
101911,East Midlands,25-34,Savings,15.5
101912,West Midlands,45-54,Savings,10.6
101913,East of England,65+,Current,13.2
101914,London,25-34,Premier,13.0
101915,West Midlands,35-44,Current,5.3
101916,West Midlands,35-44,Current,1.8
101917,South East,45-54,Current,11.1
101918,South East,35-44,Current,5.3
101919,London,25-34,Current,17.5
101920,North East,65+,Current,4.8
101921,London,25-34,Current,11.5
101922,North West,45-54,Premier,8.5
101923,London,45-54,Premier,14.9
101924,Yorkshire and Humber,18-24,Current,19.0
101925,North West,25-34,Premier,8.3
101926,East Midlands,65+,Current,1.0
101927,Yorkshire and Humber,45-54,Current,13.3
101928,South East,18-24,Premier,2.7
101929,East Midlands,55-64,Savings,2.2
101930,London,45-54,Savings,13.3
101931,London,25-34,Current,2.1
101932,London,45-54,Current,2.7
101933,South East,45-54,Current,8.8
101934,South West,25-34,Premier,9.1
101935,South East,65+,Current,18.3
101936,West Midlands,35-44,Current,5.6
101937,London,35-44,Current,8.1
101938,London,35-44,Savings,14.2
101939,North West,55-64,Current,16.6
101940,East Midlands,55-64,Savings,7.0
101941,North West,65+,Current,12.7
101942,London,25-34,Current,12.5
101943,Yorkshire and Humber,55-64,Current,6.1
101944,West Midlands,45-54,Current,2.5
101945,South West,35-44,Savings,13.7
101946,East of England,18-24,Savings,5.4
101947,West Midlands,55-64,Current,6.4
101948,East of England,25-34,Current,11.5
101949,East Midlands,45-54,Current,3.3
101950,East of England,45-54,Student,4.9
101951,North East,18-24,Premier,9.0
101952,East Midlands,65+,Savings,17.6
101953,South East,55-64,Current,15.5
101954,Wales,35-44,Current,6.4
101955,East of England,45-54,Premier,6.1
101956,Wales,35-44,Current,19.7
101957,London,55-64,Savings,13.1
101958,East Midlands,25-34,Premier,13.7
101959,South West,35-44,Savings,1.2
101960,London,35-44,Current,2.2
101961,London,35-44,Current,6.0
101962,Yorkshire and Humber,35-44,Premier,16.9
101963,London,25-34,Current,18.2
101964,West Midlands,65+,Premier,3.9
101965,South East,18-24,Current,14.3
101966,East Midlands,18-24,Savings,17.5
101967,South East,35-44,Premier,17.6
101968,South West,45-54,Current,9.2
101969,London,25-34,Current,5.2
101970,London,45-54,Current,19.1
101971,North West,55-64,Savings,5.6
101972,North East,25-34,Savings,5.1
101973,South East,65+,Current,4.2
101974,Yorkshire and Humber,35-44,Student,10.7
101975,West Midlands,45-54,Premier,2.2
101976,North West,25-34,Student,11.5
101977,London,55-64,Current,18.9
101978,North East,55-64,Premier,10.1
101979,South East,25-34,Student,19.3
101980,North West,25-34,Current,18.1
101981,East of England,35-44,Premier,15.9
101982,Yorkshire and Humber,18-24,Current,12.2
101983,East of England,65+,Premier,17.6
101984,North West,45-54,Savings,11.1
101985,London,45-54,Savings,4.2
101986,East of England,65+,Current,18.5
101987,North West,55-64,Current,10.1
101988,South East,55-64,Current,18.2
101989,Wales,35-44,Savings,7.9
101990,West Midlands,35-44,Student,6.8
101991,East Midlands,35-44,Current,15.3
101992,South East,35-44,Current,12.7
101993,Yorkshire and Humber,35-44,Savings,8.9
101994,East Midlands,25-34,Current,17.6
101995,London,35-44,Current,10.4
101996,South East,35-44,Current,0.4
101997,North West,35-44,Savings,13.9
101998,Yorkshire and Humber,25-34,Current,1.4
101999,South West,35-44,Student,9.7
102000,London,35-44,Current,3.9
102001,South West,55-64,Current,4.9
102002,London,55-64,Savings,19.6
102003,North East,25-34,Premier,2.4
102004,South East,18-24,Current,15.2
102005,West Midlands,35-44,Student,12.8
102006,East of England,25-34,Savings,4.0
102007,London,35-44,Premier,18.7
102008,West Midlands,65+,Current,4.1
102009,West Midlands,25-34,Current,10.4
102010,South East,35-44,Current,15.8
102011,East Midlands,55-64,Savings,15.3
102012,North West,45-54,Student,6.5
102013,West Midlands,18-24,Current,16.8
102014,London,25-34,Current,19.2
102015,Yorkshire and Humber,65+,Current,9.5
102016,London,25-34,Current,13.1
102017,North West,45-54,Premier,7.4
102018,East Midlands,55-64,Current,7.1
102019,London,25-34,Savings,9.4
102020,Yorkshire and Humber,55-64,Current,4.0
102021,South East,25-34,Student,13.8
102022,West Midlands,35-44,Savings,3.4
102023,East Midlands,35-44,Current,0.2
102024,North West,65+,Savings,8.8
102025,London,25-34,Student,1.6
102026,Yorkshire and Humber,25-34,Premier,11.3
102027,South West,65+,Current,10.5
102028,Yorkshire and Humber,25-34,Current,2.8
102029,London,65+,Current,5.0
102030,London,45-54,Savings,0.6
102031,East Midlands,45-54,Current,11.9
102032,London,55-64,Premier,5.9
102033,Yorkshire and Humber,55-64,Current,14.3
102034,Yorkshire and Humber,25-34,Premier,12.6
102035,West Midlands,65+,Current,7.5
102036,South West,65+,Current,0.5
102037,North East,65+,Current,6.5
102038,East Midlands,45-54,Savings,6.6
102039,London,45-54,Student,6.7
102040,South East,45-54,Current,19.1
102041,North West,18-24,Current,3.4
102042,South West,45-54,Premier,5.5
102043,London,45-54,Current,16.7
102044,East of England,45-54,Current,18.5
102045,Wales,35-44,Student,9.4
102046,East Midlands,35-44,Current,10.8
102047,London,45-54,Current,1.2
102048,London,35-44,Current,16.2
102049,West Midlands,65+,Savings,11.9
102050,Yorkshire and Humber,55-64,Current,9.6
102051,Wales,18-24,Premier,6.1
102052,East Midlands,18-24,Current,8.9
102053,London,55-64,Premier,14.7
102054,South West,35-44,Current,1.7
102055,North West,55-64,Current,10.2
102056,London,25-34,Current,0.8
102057,Wales,18-24,Current,15.5
102058,London,35-44,Current,4.3
102059,West Midlands,55-64,Student,18.1
102060,East Midlands,65+,Savings,9.6
102061,North East,65+,Savings,9.2
102062,North West,35-44,Current,7.3
102063,London,55-64,Student,10.4
102064,West Midlands,25-34,Current,6.8
102065,Yorkshire and Humber,45-54,Savings,7.3
102066,North East,65+,Savings,4.0
102067,London,35-44,Current,7.0
102068,Wales,65+,Current,16.3
102069,North West,25-34,Premier,5.0
102070,London,25-34,Current,16.4
102071,East of England,45-54,Savings,17.2
102072,London,65+,Premier,13.4
102073,North West,35-44,Current,0.7
102074,East of England,55-64,Current,11.3
102075,Yorkshire and Humber,25-34,Current,16.7
102076,London,55-64,Savings,7.4
102077,Wales,45-54,Current,5.7
102078,West Midlands,25-34,Current,6.5
102079,North West,55-64,Current,8.5
102080,East Midlands,55-64,Premier,1.5
102081,Yorkshire and Humber,45-54,Student,4.8
102082,West Midlands,25-34,Current,13.0
102083,South East,25-34,Premier,9.5
102084,West Midlands,65+,Savings,5.0
102085,South East,45-54,Premier,18.6
102086,North West,55-64,Current,6.0
102087,Yorkshire and Humber,55-64,Current,2.7
102088,Yorkshire and Humber,55-64,Student,4.1
102089,South East,25-34,Current,6.0
102090,London,45-54,Current,10.5
102091,Yorkshire and Humber,45-54,Savings,1.4
102092,East of England,25-34,Savings,17.1
102093,London,25-34,Current,17.6
102094,North West,45-54,Current,6.4
102095,East of England,65+,Current,15.5
102096,Yorkshire and Humber,45-54,Current,12.0
102097,East Midlands,18-24,Current,16.9
102098,London,65+,Current,5.6
102099,West Midlands,25-34,Savings,12.2
102100,North West,25-34,Current,1.5
102101,South East,65+,Current,0.3
102102,West Midlands,55-64,Savings,17.5
102103,South West,65+,Current,6.0
102104,North East,55-64,Current,9.0
102105,London,45-54,Current,4.7
102106,South East,35-44,Savings,17.5
102107,South East,35-44,Current,7.8
102108,Wales,65+,Current,3.7
102109,Yorkshire and Humber,65+,Current,12.2
102110,West Midlands,35-44,Savings,4.2
102111,London,35-44,Savings,5.3
102112,London,35-44,Premier,13.5
102113,West Midlands,35-44,Savings,19.2
102114,London,65+,Current,15.1
102115,East Midlands,18-24,Current,2.6
102116,East of England,35-44,Current,6.3
102117,North West,65+,Current,15.9
102118,East Midlands,45-54,Current,5.6
102119,West Midlands,35-44,Current,14.8
102120,North West,35-44,Savings,9.5
102121,North West,25-34,Savings,17.7
102122,East Midlands,25-34,Current,7.2
102123,North West,25-34,Current,18.7
102124,West Midlands,25-34,Current,8.2
102125,Yorkshire and Humber,25-34,Current,14.6
102126,Yorkshire and Humber,35-44,Current,4.0
102127,Yorkshire and Humber,18-24,Current,10.7
102128,North West,65+,Current,6.3
102129,East Midlands,25-34,Premier,0.4
102130,East Midlands,35-44,Current,8.8
102131,West Midlands,65+,Current,3.5
102132,South East,25-34,Current,19.2
102133,Wales,35-44,Current,16.2
102134,East of England,55-64,Current,14.8
102135,London,45-54,Premier,9.1
102136,London,25-34,Current,5.3
102137,North West,55-64,Current,6.6
102138,South East,45-54,Premier,4.2
102139,South East,35-44,Current,11.1
102140,South West,18-24,Current,16.2
102141,East of England,18-24,Savings,3.8
102142,London,55-64,Current,0.2
102143,South East,35-44,Premier,2.6
102144,South West,25-34,Current,9.3
102145,North West,45-54,Savings,0.5
102146,East of England,65+,Current,8.1
102147,West Midlands,18-24,Savings,2.3
102148,Wales,18-24,Student,2.2
102149,South East,35-44,Student,14.3
102150,West Midlands,45-54,Student,20.0
102151,South East,35-44,Savings,4.0
102152,East Midlands,65+,Current,4.7
102153,South East,18-24,Current,6.0
102154,South West,35-44,Current,15.7
102155,London,35-44,Current,10.2
102156,East of England,35-44,Current,11.5
102157,West Midlands,35-44,Savings,11.0
102158,North West,55-64,Savings,18.8
102159,Yorkshire and Humber,35-44,Premier,0.8
102160,East Midlands,55-64,Current,3.2
102161,London,25-34,Savings,7.7
102162,North West,45-54,Savings,9.8
102163,Yorkshire and Humber,35-44,Premier,2.4
102164,Yorkshire and Humber,45-54,Savings,17.9
102165,East of England,25-34,Current,13.6
102166,North West,65+,Current,18.7
102167,East of England,65+,Premier,18.8
102168,Yorkshire and Humber,55-64,Savings,10.3
102169,North West,65+,Savings,17.1
102170,London,25-34,Savings,14.8
102171,Yorkshire and Humber,45-54,Savings,7.3
102172,North West,35-44,Savings,13.2
102173,London,65+,Premier,19.1
102174,West Midlands,25-34,Premier,15.3
102175,Yorkshire and Humber,25-34,Current,14.2
102176,London,45-54,Current,4.5
102177,Yorkshire and Humber,25-34,Current,16.6
102178,South West,55-64,Current,7.9
102179,North West,25-34,Savings,12.5
102180,North East,45-54,Student,13.6
102181,South West,65+,Current,10.4
102182,North East,45-54,Current,3.4
102183,South West,25-34,Current,14.0
102184,West Midlands,18-24,Savings,5.0
102185,London,18-24,Savings,5.4
102186,West Midlands,25-34,Current,2.6
102187,South West,45-54,Current,12.4
102188,London,35-44,Current,2.4
102189,North West,25-34,Current,7.0
102190,East of England,25-34,Savings,17.8
102191,West Midlands,65+,Premier,9.1
102192,London,25-34,Current,17.9
102193,South East,35-44,Current,9.9
102194,East Midlands,35-44,Current,3.7
102195,London,18-24,Current,15.2
102196,South West,65+,Current,7.1
102197,East Midlands,25-34,Current,19.3
102198,London,45-54,Current,5.3
102199,North West,45-54,Savings,16.5
102200,South East,55-64,Current,9.9
102201,West Midlands,45-54,Savings,16.9
102202,North East,55-64,Current,3.7
102203,East of England,35-44,Current,12.7
102204,West Midlands,35-44,Current,2.4
102205,North West,55-64,Current,16.1
102206,London,45-54,Current,4.8
102207,South East,45-54,Savings,8.6
102208,London,25-34,Premier,13.2
102209,West Midlands,25-34,Current,9.6
102210,West Midlands,35-44,Current,15.6
102211,Wales,18-24,Current,13.8
102212,London,35-44,Savings,2.7
102213,East of England,18-24,Current,15.5
102214,London,45-54,Current,8.5
102215,East of England,55-64,Student,12.0
102216,East Midlands,45-54,Student,4.4
102217,West Midlands,55-64,Savings,8.5
102218,East of England,18-24,Current,16.4
102219,North East,18-24,Current,18.5
102220,North West,55-64,Current,18.8
102221,Yorkshire and Humber,55-64,Savings,14.0
102222,London,55-64,Savings,1.7
102223,Yorkshire and Humber,45-54,Current,8.9
102224,West Midlands,55-64,Student,3.9
102225,East of England,55-64,Current,14.0
102226,North West,55-64,Savings,3.3
102227,South East,55-64,Current,19.6
102228,East Midlands,25-34,Current,4.0
102229,East Midlands,18-24,Current,1.1
102230,South East,35-44,Savings,16.9
102231,Yorkshire and Humber,45-54,Current,4.1
102232,South East,55-64,Current,0.6
102233,West Midlands,35-44,Savings,11.0
102234,North East,35-44,Savings,19.4
102235,South East,55-64,Savings,5.4
102236,East of England,25-34,Savings,8.2
102237,West Midlands,55-64,Savings,4.8
102238,North West,25-34,Savings,11.2
102239,Yorkshire and Humber,35-44,Current,6.5
102240,London,35-44,Current,11.9
102241,North West,35-44,Current,9.6
102242,East Midlands,18-24,Current,18.6
102243,Yorkshire and Humber,25-34,Current,13.4
102244,North West,35-44,Current,13.7
102245,Yorkshire and Humber,35-44,Current,9.8
102246,West Midlands,55-64,Savings,6.1
102247,North West,18-24,Savings,6.3
102248,London,35-44,Current,10.1
102249,Yorkshire and Humber,18-24,Premier,3.9
102250,Yorkshire and Humber,65+,Current,2.7
102251,London,55-64,Current,7.5
102252,South East,65+,Current,2.7
102253,Yorkshire and Humber,65+,Current,4.7
102254,London,35-44,Current,10.7
102255,North East,55-64,Student,15.8
102256,London,35-44,Current,4.6
102257,East of England,65+,Current,15.9
102258,South West,35-44,Current,0.4
102259,East Midlands,35-44,Current,19.9
102260,Yorkshire and Humber,65+,Savings,10.4
102261,South East,55-64,Savings,9.6
102262,Wales,65+,Savings,13.0
102263,London,18-24,Current,9.6
102264,West Midlands,25-34,Current,8.2
102265,London,35-44,Current,7.5
102266,West Midlands,35-44,Savings,19.6
102267,South East,35-44,Current,17.2
102268,London,35-44,Current,10.1
102269,South East,55-64,Current,16.7
102270,East of England,25-34,Savings,3.1
102271,London,55-64,Current,10.6
102272,London,55-64,Premier,9.1
102273,South East,45-54,Current,6.6
102274,South West,35-44,Current,18.4
102275,East of England,25-34,Current,16.7
102276,East Midlands,25-34,Current,18.2
102277,London,55-64,Current,12.7
102278,North West,35-44,Savings,7.6
102279,East of England,18-24,Current,15.2
102280,London,65+,Current,2.3
102281,Yorkshire and Humber,45-54,Current,17.1
102282,West Midlands,55-64,Current,0.7
102283,Yorkshire and Humber,35-44,Premier,16.4
102284,South East,65+,Current,14.1
102285,West Midlands,25-34,Savings,1.9
102286,West Midlands,25-34,Current,3.0
102287,East of England,65+,Current,9.1
102288,South East,65+,Savings,6.1
102289,West Midlands,45-54,Current,17.4
102290,North West,25-34,Student,3.9
102291,Wales,35-44,Current,8.4
102292,South East,55-64,Current,5.3
102293,London,55-64,Premier,2.6
102294,North West,35-44,Current,5.3
102295,North West,18-24,Premier,17.2
102296,East Midlands,45-54,Premier,14.3
102297,South East,55-64,Current,18.3
102298,East Midlands,35-44,Current,8.2
102299,East Midlands,45-54,Savings,4.9
102300,South East,65+,Current,0.6
102301,North East,25-34,Savings,10.0
102302,South East,45-54,Current,0.9
102303,London,45-54,Current,0.2
102304,London,45-54,Current,12.1
102305,London,65+,Savings,3.4
102306,North West,45-54,Savings,11.2
102307,London,45-54,Current,11.5
102308,London,25-34,Current,14.5
102309,London,55-64,Current,7.7
102310,East of England,25-34,Current,14.1
102311,Wales,18-24,Current,7.4
102312,East Midlands,35-44,Current,2.0
102313,Yorkshire and Humber,45-54,Current,6.3
102314,West Midlands,65+,Current,0.3
102315,Yorkshire and Humber,55-64,Current,9.3
102316,North West,55-64,Savings,14.8
102317,West Midlands,35-44,Current,15.7
102318,South East,45-54,Premier,4.7
102319,London,65+,Current,2.2
102320,East of England,35-44,Current,3.8
102321,East Midlands,55-64,Student,19.7
102322,East Midlands,45-54,Current,6.3
102323,Yorkshire and Humber,25-34,Savings,8.6
102324,East Midlands,45-54,Current,1.6
102325,North West,25-34,Current,15.8
102326,Wales,18-24,Savings,9.0
102327,West Midlands,25-34,Current,1.8
102328,West Midlands,25-34,Current,9.5
102329,London,35-44,Current,14.3
102330,London,65+,Current,9.5
102331,London,35-44,Current,19.4
102332,Yorkshire and Humber,55-64,Savings,17.4
102333,South West,45-54,Current,10.3
102334,West Midlands,18-24,Premier,18.8
102335,Yorkshire and Humber,25-34,Current,16.2
102336,South East,65+,Current,7.4
102337,East of England,45-54,Current,15.5
102338,Yorkshire and Humber,65+,Savings,10.2
102339,London,35-44,Savings,10.8
102340,East Midlands,55-64,Current,10.5
102341,West Midlands,55-64,Current,16.1
102342,East Midlands,65+,Savings,18.4
102343,South East,18-24,Current,6.5
102344,North West,65+,Current,12.9
102345,South East,35-44,Savings,12.6
102346,East Midlands,55-64,Current,17.8
102347,East of England,45-54,Savings,9.0
102348,South West,45-54,Savings,3.9
102349,East Midlands,35-44,Current,4.1
102350,East Midlands,55-64,Current,1.1
102351,East Midlands,25-34,Current,2.1
102352,East of England,45-54,Savings,6.1
102353,North West,45-54,Current,2.1
102354,London,55-64,Current,17.4
102355,Yorkshire and Humber,35-44,Current,7.3
102356,South West,45-54,Current,7.4
102357,London,35-44,Current,15.2
102358,London,45-54,Current,6.1
102359,Wales,45-54,Current,14.3
102360,West Midlands,55-64,Current,16.5
102361,South West,55-64,Current,7.3
102362,East Midlands,45-54,Current,9.6
102363,London,25-34,Current,6.5
102364,East of England,45-54,Current,8.5
102365,South East,25-34,Current,11.7
102366,South East,25-34,Current,7.1
102367,North West,55-64,Premier,9.3
102368,Yorkshire and Humber,35-44,Current,10.0
102369,Yorkshire and Humber,45-54,Current,0.6
102370,London,65+,Current,3.4
102371,London,25-34,Savings,10.9
102372,North West,18-24,Current,0.2
102373,North West,25-34,Premier,14.1
102374,North West,25-34,Current,18.1
102375,Yorkshire and Humber,55-64,Current,15.1
102376,West Midlands,55-64,Current,6.4
102377,East of England,45-54,Savings,9.1
102378,London,25-34,Current,13.0
102379,West Midlands,45-54,Premier,13.6
102380,South East,18-24,Premier,19.6
102381,South West,45-54,Current,9.9
102382,North West,45-54,Current,5.1
102383,West Midlands,18-24,Current,7.3
102384,East Midlands,55-64,Current,18.5
102385,East Midlands,55-64,Current,12.7
102386,South East,35-44,Current,17.3
102387,Wales,45-54,Premier,14.5
102388,East Midlands,45-54,Current,19.3
102389,South East,25-34,Savings,10.1
102390,East Midlands,25-34,Savings,19.0
102391,London,45-54,Current,17.7
102392,South East,65+,Current,16.9
102393,Yorkshire and Humber,45-54,Current,18.8
102394,East Midlands,45-54,Premier,10.6
102395,London,45-54,Current,14.9
102396,Wales,35-44,Savings,11.2
102397,North West,18-24,Current,15.5
102398,West Midlands,35-44,Current,15.3
102399,West Midlands,65+,Premier,15.2
102400,London,55-64,Current,8.6
102401,London,65+,Savings,15.9
102402,South West,25-34,Current,17.5
102403,South East,45-54,Current,12.8
102404,East of England,45-54,Current,9.1
102405,South West,25-34,Current,17.1
102406,North West,25-34,Savings,15.6
102407,London,55-64,Current,9.4
102408,North West,45-54,Current,11.6
102409,North West,45-54,Current,13.7
102410,North East,25-34,Savings,13.8
102411,South East,45-54,Savings,6.3
102412,Wales,18-24,Savings,5.9
102413,Yorkshire and Humber,25-34,Premier,17.8
102414,London,45-54,Current,18.7
102415,London,35-44,Current,8.1
102416,West Midlands,65+,Current,18.3
102417,North West,35-44,Current,9.5
102418,London,25-34,Savings,3.4
102419,East Midlands,18-24,Savings,14.7
102420,North East,55-64,Current,1.0
102421,West Midlands,25-34,Premier,2.4
102422,West Midlands,25-34,Current,18.8
102423,South East,35-44,Savings,10.4
102424,West Midlands,25-34,Current,5.4
102425,East of England,45-54,Savings,9.7
102426,South East,35-44,Current,11.6
102427,East Midlands,25-34,Premier,12.8
102428,South East,55-64,Premier,7.0
102429,London,35-44,Current,7.8
102430,South East,45-54,Current,11.0
102431,South West,18-24,Savings,12.6
102432,South East,45-54,Current,18.4
102433,London,35-44,Current,7.9
102434,North West,45-54,Current,17.5
102435,South East,35-44,Student,19.9
102436,North East,65+,Current,6.8
102437,London,25-34,Current,0.6
102438,South East,65+,Premier,12.1
102439,London,65+,Current,18.1
102440,South East,35-44,Current,1.2
102441,Wales,35-44,Premier,4.0
102442,West Midlands,35-44,Current,13.6
102443,West Midlands,65+,Current,16.2
102444,London,45-54,Current,1.8
102445,London,45-54,Savings,7.3
102446,London,18-24,Current,4.9
102447,East Midlands,55-64,Current,19.3
102448,Yorkshire and Humber,25-34,Current,13.7
102449,London,18-24,Current,9.6
102450,London,35-44,Current,17.3
102451,South East,35-44,Current,10.8
102452,South East,65+,Premier,18.2
102453,London,55-64,Savings,4.9
102454,South West,25-34,Student,0.6
102455,London,35-44,Premier,8.6
102456,London,55-64,Premier,4.2
102457,London,45-54,Savings,16.7
102458,West Midlands,25-34,Current,10.7
102459,North West,35-44,Savings,5.8
102460,London,45-54,Current,15.5
102461,East of England,65+,Current,10.6
102462,South East,45-54,Current,10.1
102463,West Midlands,18-24,Current,3.7
102464,London,55-64,Current,19.9
102465,North West,25-34,Savings,13.2
102466,South East,65+,Current,17.1
102467,South West,35-44,Current,15.2
102468,London,25-34,Current,10.1
102469,London,35-44,Student,0.3
102470,Yorkshire and Humber,25-34,Current,13.4
102471,London,25-34,Current,2.1
102472,East of England,45-54,Savings,19.2
102473,South East,55-64,Student,5.1
102474,London,55-64,Current,7.4
102475,Yorkshire and Humber,35-44,Savings,11.1
102476,East Midlands,18-24,Current,10.1
102477,West Midlands,35-44,Premier,13.1
102478,West Midlands,35-44,Current,15.7
102479,Yorkshire and Humber,25-34,Savings,15.2
102480,North East,65+,Current,18.2
102481,London,65+,Savings,9.5
102482,North West,18-24,Current,10.7
102483,West Midlands,55-64,Current,17.5
102484,Yorkshire and Humber,45-54,Savings,5.7
102485,South West,25-34,Savings,5.0
102486,Yorkshire and Humber,45-54,Current,0.3
102487,South East,25-34,Student,14.8
102488,South West,18-24,Current,13.8
102489,West Midlands,65+,Current,5.6
102490,London,45-54,Current,2.7
102491,North East,25-34,Current,0.9
102492,Yorkshire and Humber,35-44,Student,9.8
102493,East Midlands,65+,Current,4.0
102494,East of England,35-44,Premier,15.9
102495,East of England,65+,Current,19.0
102496,London,65+,Savings,15.6
102497,London,35-44,Current,17.0
102498,North West,55-64,Savings,19.8
102499,South West,45-54,Premier,14.8
102500,London,55-64,Current,11.4
102501,East Midlands,35-44,Current,16.2
102502,South East,18-24,Savings,11.3
102503,North East,25-34,Savings,8.7
102504,South West,45-54,Current,0.7
102505,North West,55-64,Savings,12.9
102506,East Midlands,55-64,Savings,18.0
102507,North East,45-54,Savings,13.9
102508,North East,25-34,Current,8.1
102509,London,18-24,Current,12.4
102510,London,55-64,Premier,16.3
102511,London,45-54,Current,15.3
102512,Yorkshire and Humber,55-64,Current,9.9
102513,West Midlands,25-34,Premier,7.3
102514,West Midlands,35-44,Current,8.0
102515,North West,65+,Current,18.2
102516,South West,25-34,Savings,3.5
102517,West Midlands,18-24,Savings,17.3
102518,North West,45-54,Premier,4.0
102519,London,45-54,Savings,19.6
102520,North West,65+,Current,9.0
102521,West Midlands,65+,Current,14.7
102522,London,55-64,Current,14.6
102523,Yorkshire and Humber,18-24,Premier,15.5
102524,London,35-44,Current,15.8
102525,East of England,65+,Current,0.9
102526,West Midlands,35-44,Current,5.5
102527,East of England,65+,Current,4.7
102528,East of England,45-54,Current,14.0
102529,South West,25-34,Savings,13.7
102530,London,45-54,Current,6.0
102531,London,55-64,Premier,15.9
102532,London,18-24,Premier,6.3
102533,South East,35-44,Current,6.9
102534,East Midlands,55-64,Student,8.0
102535,North East,25-34,Current,14.9
102536,London,35-44,Current,0.3
102537,South West,45-54,Current,18.1
102538,Yorkshire and Humber,55-64,Savings,13.9
102539,East Midlands,45-54,Savings,11.8
102540,London,65+,Current,4.8
102541,London,65+,Savings,15.7
102542,London,35-44,Savings,17.5
102543,Yorkshire and Humber,25-34,Savings,10.1
102544,North West,55-64,Current,5.9
102545,London,25-34,Savings,7.7
102546,Yorkshire and Humber,55-64,Savings,8.4
102547,North East,45-54,Current,6.2
102548,West Midlands,35-44,Savings,14.3
102549,North West,45-54,Current,6.9
102550,North West,45-54,Savings,16.4
102551,London,65+,Savings,9.3
102552,London,25-34,Current,12.6
102553,London,65+,Current,19.0
102554,North East,18-24,Savings,9.0
102555,North West,55-64,Student,3.5
102556,South East,65+,Savings,11.0
102557,East Midlands,35-44,Savings,10.0
102558,North West,25-34,Current,15.7
102559,London,55-64,Current,17.2
102560,East Midlands,55-64,Savings,14.3
102561,London,35-44,Current,19.4
102562,South East,45-54,Savings,5.5
102563,South East,55-64,Current,4.9
102564,London,25-34,Current,5.9
102565,London,45-54,Current,13.5
102566,Yorkshire and Humber,35-44,Current,4.7
102567,East Midlands,25-34,Savings,1.9
102568,West Midlands,55-64,Current,19.6
102569,South East,35-44,Savings,6.4
102570,Wales,65+,Current,4.5
102571,East Midlands,45-54,Savings,7.2
102572,London,45-54,Current,3.3
102573,South East,35-44,Current,0.8
102574,South West,35-44,Savings,6.2
102575,London,55-64,Current,6.8
102576,London,45-54,Current,16.2
102577,South East,55-64,Savings,8.8
102578,East of England,35-44,Current,14.8
102579,West Midlands,25-34,Premier,14.7
102580,East of England,25-34,Current,15.8
102581,East Midlands,55-64,Current,18.4
102582,South West,35-44,Savings,10.0
102583,East Midlands,45-54,Current,2.2
102584,West Midlands,35-44,Premier,0.9
102585,East Midlands,35-44,Current,3.8
102586,London,45-54,Current,16.6
102587,Yorkshire and Humber,45-54,Current,11.5
102588,West Midlands,65+,Current,2.9
102589,London,25-34,Current,2.7
102590,Yorkshire and Humber,45-54,Current,17.8
102591,South East,18-24,Current,10.4
102592,East of England,55-64,Current,3.5
102593,South East,45-54,Current,17.9
102594,West Midlands,35-44,Current,14.4
102595,North West,55-64,Current,9.6
102596,East of England,35-44,Current,9.4
102597,East Midlands,25-34,Current,13.5
102598,Yorkshire and Humber,35-44,Current,6.8
102599,North East,25-34,Current,20.0
102600,North East,65+,Current,15.7
102601,Yorkshire and Humber,55-64,Premier,12.9
102602,South East,55-64,Current,13.8
102603,London,65+,Current,19.9
102604,South East,55-64,Savings,0.3
102605,East Midlands,35-44,Current,0.6
102606,West Midlands,25-34,Current,15.7
102607,London,35-44,Savings,4.3
102608,North West,65+,Savings,13.7
102609,South East,65+,Premier,10.1
102610,Yorkshire and Humber,55-64,Premier,6.4
102611,East of England,25-34,Current,4.7
102612,South West,25-34,Savings,15.6
102613,London,65+,Current,3.5
102614,South East,25-34,Student,3.3
102615,North West,45-54,Current,8.9
102616,London,35-44,Current,2.5
102617,West Midlands,35-44,Current,12.9
102618,East of England,45-54,Current,19.8
102619,South West,65+,Current,15.0
102620,East of England,55-64,Savings,12.1
102621,East of England,35-44,Current,8.0
102622,North East,35-44,Savings,19.8
102623,North West,65+,Current,17.6
102624,North East,45-54,Current,16.4
102625,London,45-54,Current,4.7
102626,Yorkshire and Humber,45-54,Current,2.6
102627,London,25-34,Current,3.6
102628,Yorkshire and Humber,18-24,Current,5.2
102629,North West,55-64,Current,1.7
102630,North West,45-54,Savings,17.8
102631,East Midlands,25-34,Current,3.8
102632,London,35-44,Savings,4.6
102633,East of England,65+,Savings,17.8
102634,London,45-54,Current,19.2
102635,London,45-54,Student,4.5
102636,Yorkshire and Humber,25-34,Savings,6.0
102637,London,65+,Savings,16.0
102638,West Midlands,65+,Savings,19.4
102639,South West,45-54,Current,13.0
102640,West Midlands,35-44,Premier,8.9
102641,South East,55-64,Current,13.5
102642,South East,55-64,Current,15.6
102643,London,55-64,Savings,2.3
102644,East of England,65+,Current,8.8
102645,North West,45-54,Current,17.2
102646,East of England,35-44,Current,14.1
102647,South East,45-54,Current,3.2
102648,South West,55-64,Student,15.1
102649,South East,25-34,Current,13.4
102650,South West,25-34,Current,5.4
102651,Wales,55-64,Savings,6.9
102652,Yorkshire and Humber,35-44,Savings,6.4
102653,South West,55-64,Savings,19.9
102654,South East,25-34,Current,3.8
102655,London,35-44,Student,16.6
102656,East of England,25-34,Current,10.7
102657,Yorkshire and Humber,55-64,Savings,17.6
102658,London,55-64,Current,19.6
102659,West Midlands,35-44,Current,19.2
102660,North West,35-44,Current,17.1
102661,South West,25-34,Current,8.3
102662,Yorkshire and Humber,55-64,Current,5.5
102663,Yorkshire and Humber,65+,Current,6.5
102664,North West,55-64,Savings,13.1
102665,London,25-34,Current,6.9
102666,South West,45-54,Current,8.8
102667,East of England,35-44,Current,1.7
102668,East Midlands,18-24,Student,15.4
102669,London,25-34,Current,2.3
102670,London,25-34,Current,6.8
102671,London,25-34,Premier,11.8
102672,London,55-64,Savings,10.7
102673,Yorkshire and Humber,35-44,Current,17.9
102674,London,55-64,Savings,13.2
102675,London,65+,Premier,15.8
102676,London,45-54,Current,6.1
102677,London,35-44,Savings,2.7
102678,South West,55-64,Current,14.9
102679,South East,25-34,Savings,3.2
102680,Yorkshire and Humber,35-44,Savings,16.7
102681,South West,45-54,Premier,18.9
102682,East of England,55-64,Savings,5.7
102683,West Midlands,55-64,Current,15.2
102684,London,55-64,Current,8.8
102685,North West,55-64,Premier,6.1
102686,South East,45-54,Current,8.7
102687,North West,55-64,Current,13.0
102688,South East,65+,Savings,19.8
102689,North West,35-44,Current,6.1
102690,London,65+,Current,14.1
102691,North East,65+,Current,6.8
102692,Yorkshire and Humber,45-54,Current,5.1
102693,East of England,18-24,Savings,12.7
102694,Wales,25-34,Current,15.2
102695,East of England,55-64,Current,14.4
102696,West Midlands,25-34,Savings,18.9
102697,South West,35-44,Current,2.2
102698,East Midlands,45-54,Savings,10.9
102699,Yorkshire and Humber,65+,Current,5.9
102700,East of England,55-64,Current,16.4
102701,South East,55-64,Current,1.3
102702,London,35-44,Savings,3.6
102703,Yorkshire and Humber,25-34,Premier,15.5
102704,South West,45-54,Current,7.2
102705,South East,25-34,Current,13.7
102706,London,45-54,Current,20.0
102707,East of England,65+,Current,9.3
102708,North West,45-54,Current,10.7
102709,West Midlands,45-54,Student,19.5
102710,London,45-54,Savings,15.0
102711,Wales,55-64,Current,4.0
102712,North West,35-44,Current,16.1
102713,North West,45-54,Current,10.4
102714,West Midlands,25-34,Current,15.8
102715,East of England,45-54,Current,12.0
102716,North West,35-44,Student,4.6
102717,London,45-54,Current,16.3
102718,Wales,55-64,Current,0.1
102719,East Midlands,18-24,Current,17.8
102720,London,45-54,Current,16.4
102721,London,25-34,Premier,19.4
102722,South West,35-44,Savings,0.8
102723,Yorkshire and Humber,18-24,Savings,8.8
102724,Yorkshire and Humber,25-34,Student,3.5
102725,West Midlands,65+,Current,7.5
102726,South East,65+,Savings,7.3
102727,South West,55-64,Savings,12.0
102728,West Midlands,45-54,Current,8.8
102729,Yorkshire and Humber,55-64,Current,19.3
102730,East of England,65+,Savings,5.6
102731,East Midlands,45-54,Student,8.4
102732,North West,18-24,Current,14.0
102733,London,55-64,Student,5.6
102734,Yorkshire and Humber,65+,Premier,14.5
102735,North West,25-34,Premier,14.2
102736,London,35-44,Current,14.3
102737,West Midlands,35-44,Current,13.5
102738,London,35-44,Savings,16.4
102739,South East,55-64,Current,19.9
102740,London,35-44,Current,1.2
102741,West Midlands,65+,Savings,10.0
102742,South West,55-64,Current,16.3
102743,West Midlands,18-24,Current,0.1
102744,South East,55-64,Premier,10.9
102745,Yorkshire and Humber,55-64,Current,13.2
102746,South West,45-54,Premier,3.9
102747,West Midlands,45-54,Current,8.1
102748,West Midlands,55-64,Current,15.8
102749,London,35-44,Current,1.4
102750,East Midlands,25-34,Current,2.8
102751,North West,35-44,Current,16.4
102752,South East,25-34,Student,16.2
102753,South West,45-54,Premier,11.8
102754,East Midlands,25-34,Current,8.4
102755,East of England,45-54,Current,2.2
102756,South West,35-44,Savings,16.2
102757,East of England,55-64,Current,4.9
102758,South East,35-44,Current,18.3
102759,South East,65+,Current,15.5
102760,London,65+,Current,1.7
102761,South East,25-34,Current,12.7
102762,East of England,45-54,Current,18.4
102763,West Midlands,25-34,Savings,17.6
102764,North West,55-64,Current,12.3
102765,East Midlands,45-54,Current,3.5
102766,North East,35-44,Current,13.6
102767,London,25-34,Current,13.4
102768,South East,35-44,Student,11.8
102769,South West,55-64,Savings,5.4
102770,Wales,55-64,Student,18.0
102771,West Midlands,18-24,Current,10.1
102772,South West,35-44,Current,6.0
102773,East of England,35-44,Current,5.2
102774,East Midlands,45-54,Current,5.7
102775,South East,25-34,Current,9.3
102776,Yorkshire and Humber,35-44,Current,4.7
102777,London,65+,Current,10.4
102778,London,35-44,Current,3.9
102779,North West,55-64,Current,5.5
102780,West Midlands,35-44,Current,2.5
102781,West Midlands,35-44,Current,7.2
102782,West Midlands,45-54,Premier,8.2
102783,London,25-34,Current,8.1
102784,Yorkshire and Humber,25-34,Current,14.5
102785,North West,65+,Current,9.7
102786,South East,65+,Current,13.9
102787,South East,55-64,Savings,0.8
102788,London,25-34,Current,8.8
102789,North East,18-24,Premier,1.9
102790,Yorkshire and Humber,25-34,Student,9.3
102791,South West,65+,Current,12.3
102792,East Midlands,55-64,Premier,16.0
102793,South East,45-54,Savings,11.0
102794,Wales,65+,Premier,7.7
102795,South West,25-34,Current,5.4
102796,London,45-54,Premier,19.2
102797,London,25-34,Current,4.0
102798,Yorkshire and Humber,35-44,Current,0.9
102799,South East,65+,Premier,2.6
102800,South East,65+,Current,20.0
102801,Wales,25-34,Current,18.1
102802,London,25-34,Current,6.5
102803,East Midlands,45-54,Current,0.2
102804,London,18-24,Current,15.4
102805,West Midlands,45-54,Current,6.1
102806,North West,45-54,Current,0.5
102807,North West,35-44,Savings,9.2
102808,South East,35-44,Current,8.5
102809,West Midlands,25-34,Student,7.3
102810,West Midlands,65+,Current,13.1
102811,East Midlands,35-44,Savings,14.5
102812,East of England,45-54,Savings,11.2
102813,South East,35-44,Premier,0.4
102814,East Midlands,55-64,Current,0.5
102815,East Midlands,25-34,Current,17.6
102816,London,25-34,Premier,3.8
102817,North West,55-64,Savings,8.0
102818,London,55-64,Current,2.2
102819,London,25-34,Current,4.7
102820,East of England,35-44,Savings,9.8
102821,North West,65+,Current,4.8
102822,South East,25-34,Savings,13.2
102823,East Midlands,25-34,Student,7.4
102824,North East,35-44,Current,15.8
102825,Wales,35-44,Current,12.1
102826,South East,45-54,Current,5.2
102827,London,55-64,Current,16.2
102828,North West,45-54,Current,18.6
102829,South West,45-54,Savings,2.5
102830,South East,35-44,Current,13.4
102831,North West,55-64,Student,12.7
102832,London,18-24,Savings,13.4
102833,London,35-44,Savings,0.7
102834,South West,45-54,Current,0.7
102835,South East,35-44,Current,6.0
102836,London,25-34,Savings,1.7
102837,London,35-44,Current,7.4
102838,North West,55-64,Current,17.5
102839,Yorkshire and Humber,25-34,Current,7.2
102840,East Midlands,55-64,Current,7.9
102841,South West,55-64,Savings,5.4
102842,London,45-54,Current,8.5
102843,London,25-34,Current,16.0
102844,North West,55-64,Current,16.6
102845,West Midlands,25-34,Current,8.5
102846,London,65+,Current,8.0
102847,North West,55-64,Student,4.0
102848,East Midlands,18-24,Student,19.5
102849,South East,55-64,Premier,6.3
102850,Yorkshire and Humber,45-54,Current,6.9
102851,Yorkshire and Humber,35-44,Current,8.7
102852,London,35-44,Current,1.7
102853,South West,45-54,Savings,6.6
102854,North West,55-64,Savings,18.6
102855,South East,65+,Savings,1.6
102856,North East,35-44,Current,4.9
102857,South East,45-54,Current,4.4
102858,London,45-54,Premier,4.8
102859,South East,45-54,Current,19.1
102860,London,45-54,Savings,14.2
102861,Yorkshire and Humber,35-44,Savings,18.4
102862,London,55-64,Current,17.2
102863,North West,35-44,Premier,12.5
102864,West Midlands,25-34,Student,11.2
102865,Yorkshire and Humber,45-54,Savings,10.2
102866,West Midlands,25-34,Current,13.8
102867,Yorkshire and Humber,18-24,Current,14.1
102868,London,18-24,Savings,12.0
102869,North East,55-64,Current,9.0
102870,East Midlands,65+,Current,13.5
102871,London,35-44,Current,3.2
102872,London,25-34,Current,11.1
102873,East Midlands,55-64,Savings,10.4
102874,North West,25-34,Current,10.7
102875,West Midlands,65+,Current,10.3
102876,North West,45-54,Current,15.0
102877,North West,25-34,Current,15.2
102878,Yorkshire and Humber,45-54,Current,6.7
102879,London,35-44,Current,7.1
102880,East Midlands,55-64,Current,0.4
102881,West Midlands,25-34,Current,2.4
102882,West Midlands,55-64,Savings,5.3
102883,London,55-64,Current,15.3
102884,North West,65+,Current,16.0
102885,London,65+,Current,5.0
102886,North West,25-34,Savings,17.4
102887,East Midlands,45-54,Current,7.6
102888,North East,55-64,Current,16.0
102889,West Midlands,35-44,Savings,9.4
102890,West Midlands,18-24,Savings,14.3
102891,West Midlands,35-44,Current,7.2
102892,Wales,25-34,Current,1.5
102893,London,65+,Savings,5.2
102894,London,35-44,Current,14.0
102895,Wales,45-54,Premier,18.4
102896,East Midlands,65+,Current,12.6
102897,Wales,35-44,Savings,15.4
102898,West Midlands,55-64,Student,0.4
102899,London,18-24,Premier,15.2
102900,Yorkshire and Humber,25-34,Current,16.7
102901,Yorkshire and Humber,25-34,Savings,8.3
102902,North East,35-44,Current,9.9
102903,West Midlands,35-44,Current,1.1
102904,Wales,35-44,Student,3.6
102905,Yorkshire and Humber,25-34,Current,1.2
102906,London,18-24,Savings,14.7
102907,North East,45-54,Current,16.0
102908,East Midlands,18-24,Current,2.3
102909,East of England,55-64,Current,18.4
102910,London,65+,Current,16.8
102911,South East,55-64,Current,11.6
102912,West Midlands,45-54,Current,19.6
102913,London,45-54,Premier,17.7
102914,South East,45-54,Savings,4.5
102915,London,65+,Savings,19.1
102916,West Midlands,65+,Current,8.9
102917,North West,35-44,Current,3.2
102918,East of England,45-54,Savings,4.1
102919,East Midlands,55-64,Current,13.7
102920,South East,18-24,Current,19.8
102921,Wales,45-54,Premier,9.0
102922,East Midlands,45-54,Current,11.5
102923,West Midlands,55-64,Premier,6.1
102924,South East,35-44,Current,16.9
102925,East Midlands,35-44,Current,2.4
102926,London,25-34,Current,11.7
102927,South East,45-54,Premier,11.8
102928,London,65+,Current,0.1
102929,Yorkshire and Humber,65+,Savings,18.8
102930,South East,35-44,Current,19.5
102931,London,25-34,Student,9.4
102932,West Midlands,55-64,Current,14.5
102933,London,55-64,Current,17.0
102934,East of England,45-54,Savings,2.4
102935,South East,35-44,Savings,1.8
102936,London,25-34,Savings,13.8
102937,North West,55-64,Current,11.2
102938,East Midlands,45-54,Student,13.6
102939,North West,35-44,Current,11.5
102940,East Midlands,65+,Premier,14.6
102941,Wales,45-54,Current,3.2
102942,North West,65+,Current,4.4
102943,South West,35-44,Current,4.8
102944,West Midlands,35-44,Current,8.4
102945,North West,65+,Current,15.2
102946,Yorkshire and Humber,65+,Savings,16.6
102947,North West,65+,Savings,8.1
102948,South West,55-64,Current,12.1
102949,North East,35-44,Current,6.0
102950,East of England,25-34,Savings,9.6
102951,West Midlands,35-44,Student,18.8
102952,South East,65+,Current,5.5
102953,West Midlands,35-44,Premier,15.8
102954,East of England,55-64,Current,0.9
102955,London,65+,Savings,7.0
102956,Yorkshire and Humber,65+,Savings,13.2
102957,West Midlands,65+,Current,15.5
102958,East Midlands,45-54,Current,11.9
102959,North West,45-54,Savings,17.4
102960,East of England,65+,Current,16.4
102961,South West,25-34,Current,12.4
102962,North East,25-34,Current,7.0
102963,West Midlands,65+,Savings,7.3
102964,London,45-54,Current,12.3
102965,North West,45-54,Current,13.2
102966,London,25-34,Premier,8.0
102967,North West,45-54,Savings,8.0
102968,North West,65+,Current,3.6
102969,London,45-54,Current,0.1
102970,West Midlands,35-44,Current,9.3
102971,London,45-54,Current,16.6
102972,South East,65+,Current,15.4
102973,West Midlands,65+,Current,19.9
102974,North East,35-44,Current,13.4
102975,London,45-54,Current,4.8
102976,South West,35-44,Current,13.6
102977,South East,35-44,Current,16.6
102978,South East,25-34,Student,12.9
102979,South East,45-54,Current,9.7
102980,East of England,45-54,Savings,12.4
102981,London,35-44,Current,0.6
102982,North West,35-44,Current,5.4
102983,West Midlands,25-34,Current,3.2
102984,London,25-34,Current,8.3
102985,East Midlands,55-64,Savings,17.9
102986,North West,25-34,Current,3.8
102987,East Midlands,25-34,Current,1.5
102988,London,65+,Current,15.6
102989,West Midlands,25-34,Current,17.4
102990,London,65+,Current,10.7
102991,South West,45-54,Current,7.6
102992,South West,55-64,Current,8.7
102993,North West,45-54,Current,13.2
102994,London,25-34,Savings,16.6
102995,London,55-64,Current,3.9
102996,London,55-64,Student,18.1
102997,South East,35-44,Current,13.2
102998,North West,55-64,Current,14.8
102999,Wales,45-54,Savings,1.8
103000,West Midlands,65+,Current,18.4
103001,South West,55-64,Current,10.6
103002,London,18-24,Premier,7.3
103003,North West,65+,Premier,8.0
103004,South East,65+,Current,5.9
103005,East Midlands,55-64,Current,3.3
103006,South East,25-34,Savings,0.8
103007,London,55-64,Premier,5.4
103008,West Midlands,45-54,Current,10.0
103009,East Midlands,35-44,Current,13.4
103010,South East,65+,Savings,14.7
103011,North West,45-54,Current,12.0
103012,East of England,55-64,Savings,2.4
103013,South East,45-54,Current,8.7
103014,South East,35-44,Savings,13.4
103015,North West,65+,Current,14.9
103016,South East,45-54,Current,6.6
103017,North East,45-54,Current,18.6
103018,West Midlands,35-44,Current,15.9
103019,North West,25-34,Current,17.0
103020,North West,45-54,Current,13.4
103021,Yorkshire and Humber,35-44,Student,8.3
103022,South East,65+,Current,18.7
103023,London,65+,Savings,18.0
103024,London,55-64,Current,16.6
103025,North West,25-34,Savings,17.8
103026,West Midlands,55-64,Current,18.3
103027,North West,18-24,Current,15.0
103028,East of England,55-64,Current,4.1
103029,London,45-54,Current,10.8
103030,Yorkshire and Humber,65+,Savings,12.4
103031,South West,35-44,Savings,15.5
103032,East Midlands,25-34,Savings,10.0
103033,North West,65+,Savings,10.3
103034,North West,45-54,Savings,19.9
103035,Wales,65+,Premier,9.1
103036,South East,65+,Savings,2.7
103037,London,45-54,Current,14.2
103038,East Midlands,35-44,Current,7.3
103039,West Midlands,45-54,Current,5.0
103040,London,55-64,Savings,12.6
103041,Yorkshire and Humber,65+,Current,19.1
103042,East of England,35-44,Current,6.3
103043,South East,55-64,Savings,7.5
103044,London,35-44,Current,9.4
103045,South East,45-54,Current,13.8
103046,Wales,55-64,Student,8.0
103047,London,65+,Current,8.6
103048,London,35-44,Current,14.0
103049,East of England,35-44,Current,19.7
103050,North West,25-34,Current,6.4
103051,East of England,25-34,Current,11.7
103052,West Midlands,35-44,Current,15.9
103053,London,65+,Current,4.3
103054,South West,35-44,Savings,16.4
103055,London,35-44,Current,7.2
103056,London,55-64,Current,2.3
103057,London,25-34,Current,0.6
103058,West Midlands,25-34,Current,0.8
103059,North West,65+,Current,16.0
103060,North West,25-34,Current,13.5
103061,London,35-44,Current,15.9
103062,London,45-54,Savings,15.1
103063,North West,25-34,Current,7.7
103064,East of England,35-44,Premier,18.7
103065,Yorkshire and Humber,25-34,Current,17.6
103066,London,35-44,Savings,7.0
103067,Yorkshire and Humber,65+,Current,15.5
103068,West Midlands,35-44,Savings,16.4
103069,South East,35-44,Student,9.8
103070,London,35-44,Current,2.5
103071,East Midlands,65+,Current,6.7
103072,North East,25-34,Premier,19.8
103073,South West,65+,Premier,14.3
103074,South East,35-44,Premier,15.5
103075,East of England,65+,Current,18.2
103076,East of England,35-44,Current,4.1
103077,Yorkshire and Humber,25-34,Current,19.4
103078,London,45-54,Savings,10.4
103079,London,25-34,Current,14.9
103080,North West,55-64,Current,6.4
103081,North West,45-54,Current,6.7
103082,West Midlands,45-54,Current,7.3
103083,South East,25-34,Savings,7.0
103084,South West,55-64,Current,1.3
103085,South East,35-44,Student,6.3
103086,North West,65+,Current,13.0
103087,West Midlands,55-64,Current,18.0
103088,London,45-54,Current,0.9
103089,London,65+,Current,0.4
103090,East of England,45-54,Current,11.9
103091,East of England,45-54,Student,14.0
103092,East of England,25-34,Current,12.2
103093,East of England,45-54,Current,19.5
103094,North East,35-44,Savings,4.7
103095,London,18-24,Current,9.7
103096,East Midlands,55-64,Current,18.3
103097,East Midlands,18-24,Current,12.4
103098,Yorkshire and Humber,45-54,Current,11.6
103099,North West,25-34,Current,18.7
103100,West Midlands,35-44,Current,6.8
103101,North East,55-64,Current,3.2
103102,West Midlands,25-34,Current,2.7
103103,North East,45-54,Savings,16.5
103104,South East,45-54,Savings,17.2
103105,London,65+,Current,4.8
103106,South East,25-34,Current,9.2
103107,Yorkshire and Humber,55-64,Savings,11.7
103108,London,35-44,Current,2.9
103109,West Midlands,35-44,Savings,17.0
103110,North East,35-44,Current,8.4
103111,North West,35-44,Current,17.3
103112,North West,45-54,Current,15.2
103113,South East,25-34,Savings,6.0
103114,South East,35-44,Current,14.4
103115,London,45-54,Current,14.8
103116,London,45-54,Current,6.3
103117,West Midlands,25-34,Savings,5.1
103118,South East,35-44,Current,16.5
103119,North West,35-44,Savings,13.6
103120,North West,45-54,Current,14.8
103121,West Midlands,65+,Current,6.3
103122,Yorkshire and Humber,45-54,Current,14.5
103123,Yorkshire and Humber,45-54,Premier,14.3
103124,London,25-34,Current,6.7
103125,West Midlands,65+,Current,5.5
103126,West Midlands,35-44,Savings,8.7
103127,London,35-44,Current,14.8
103128,West Midlands,25-34,Current,4.0
103129,South East,25-34,Current,17.5
103130,North East,55-64,Savings,5.2
103131,Yorkshire and Humber,25-34,Current,16.8
103132,East of England,35-44,Student,3.2
103133,West Midlands,25-34,Savings,14.8
103134,East Midlands,65+,Current,11.3
103135,South East,55-64,Current,13.3
103136,South East,65+,Savings,19.5
103137,South West,65+,Student,1.1
103138,East Midlands,65+,Savings,3.1
103139,South East,35-44,Current,1.7
103140,Yorkshire and Humber,25-34,Savings,10.4
103141,North West,35-44,Savings,16.1
103142,West Midlands,35-44,Premier,1.2
103143,Wales,55-64,Current,15.6
103144,East Midlands,18-24,Savings,8.7
103145,South West,25-34,Savings,18.8
103146,London,45-54,Student,7.7
103147,South East,25-34,Savings,19.7
103148,South East,18-24,Student,11.2
103149,East of England,25-34,Current,19.8
103150,West Midlands,55-64,Current,12.7
103151,East Midlands,25-34,Current,7.0
103152,London,25-34,Savings,16.1
103153,Yorkshire and Humber,25-34,Current,9.8
103154,West Midlands,55-64,Savings,6.2
103155,West Midlands,25-34,Premier,9.6
103156,Yorkshire and Humber,18-24,Student,17.5
103157,East Midlands,65+,Savings,14.7
103158,East Midlands,65+,Savings,3.6
103159,East of England,25-34,Current,16.8
103160,North West,25-34,Current,8.7
103161,Wales,25-34,Current,1.7
103162,North East,55-64,Savings,3.0
103163,West Midlands,25-34,Current,1.4
103164,South East,65+,Current,13.6
103165,London,55-64,Savings,5.2
103166,South East,45-54,Current,2.0
103167,West Midlands,18-24,Student,7.4
103168,West Midlands,65+,Current,17.4
103169,East Midlands,55-64,Student,12.6
103170,London,55-64,Current,9.8
103171,Wales,25-34,Savings,14.7
103172,South East,55-64,Savings,1.6
103173,South East,55-64,Current,17.7
103174,Wales,65+,Current,3.6
103175,South East,45-54,Student,0.5
103176,East Midlands,45-54,Current,7.3
103177,East of England,35-44,Savings,1.3
103178,Yorkshire and Humber,55-64,Current,3.4
103179,East Midlands,65+,Savings,14.8
103180,London,45-54,Current,8.2
103181,North East,25-34,Current,0.2
103182,North West,18-24,Current,12.9
103183,London,45-54,Current,14.2
103184,West Midlands,65+,Current,18.0
103185,East Midlands,18-24,Student,3.2
103186,East Midlands,35-44,Savings,17.2
103187,South East,65+,Premier,14.2
103188,East of England,45-54,Savings,11.3
103189,West Midlands,25-34,Savings,5.3
103190,North West,35-44,Current,9.2
103191,West Midlands,35-44,Premier,4.0
103192,East Midlands,25-34,Current,14.4
103193,London,45-54,Current,14.1
103194,South East,45-54,Savings,3.9
103195,London,45-54,Premier,5.1
103196,Yorkshire and Humber,45-54,Current,18.0
103197,London,18-24,Current,9.5
103198,West Midlands,25-34,Current,11.1
103199,West Midlands,25-34,Savings,19.2
103200,North East,25-34,Current,4.2
103201,South East,55-64,Savings,12.6
103202,East of England,25-34,Current,15.5
103203,East of England,45-54,Current,6.5
103204,London,25-34,Savings,6.2
103205,East of England,25-34,Current,17.9
103206,Yorkshire and Humber,25-34,Savings,2.1
103207,East Midlands,45-54,Current,3.2
103208,East Midlands,45-54,Savings,8.3
103209,West Midlands,55-64,Current,16.0
103210,West Midlands,25-34,Premier,9.2
103211,Yorkshire and Humber,45-54,Savings,5.5
103212,South East,55-64,Current,8.5
103213,South West,35-44,Premier,9.0
103214,London,25-34,Current,14.6
103215,West Midlands,25-34,Current,17.4
103216,South East,25-34,Premier,6.5
103217,Yorkshire and Humber,65+,Premier,14.2
103218,East Midlands,35-44,Savings,14.1
103219,North West,45-54,Premier,15.4
103220,Yorkshire and Humber,55-64,Current,11.5
103221,North West,35-44,Current,0.4
103222,South West,45-54,Current,13.2
103223,South East,25-34,Current,12.3
103224,South East,35-44,Current,12.3
103225,West Midlands,25-34,Current,5.7
103226,South West,25-34,Current,2.0
103227,South East,35-44,Current,3.9
103228,West Midlands,55-64,Current,4.4
103229,London,45-54,Savings,3.6
103230,London,55-64,Current,5.0
103231,London,18-24,Savings,1.5
103232,West Midlands,65+,Savings,5.5
103233,London,18-24,Current,20.0
103234,West Midlands,55-64,Student,10.3
103235,West Midlands,55-64,Premier,7.0
103236,West Midlands,45-54,Current,14.4
103237,North East,35-44,Savings,9.4
103238,North West,55-64,Current,0.7
103239,Yorkshire and Humber,55-64,Current,11.0
103240,North West,25-34,Savings,6.2
103241,East of England,55-64,Savings,11.5
103242,London,25-34,Student,3.5
103243,East of England,45-54,Savings,9.7
103244,North West,45-54,Savings,4.0
103245,West Midlands,55-64,Current,6.0
103246,London,35-44,Current,13.8
103247,Yorkshire and Humber,25-34,Current,4.6
103248,South West,45-54,Current,8.4
103249,East of England,25-34,Savings,1.6
103250,London,45-54,Current,13.8
103251,Wales,35-44,Current,10.8
103252,London,55-64,Current,16.3
103253,North West,25-34,Current,10.7
103254,London,25-34,Current,19.9
103255,East Midlands,35-44,Current,4.9
103256,South West,18-24,Current,14.9
103257,West Midlands,25-34,Current,8.7
103258,North West,35-44,Current,7.6
103259,London,35-44,Premier,14.7
103260,East Midlands,25-34,Current,19.1
103261,East Midlands,45-54,Current,15.1
103262,South East,65+,Current,6.7
103263,East Midlands,45-54,Savings,10.2
103264,London,35-44,Current,4.4
103265,Yorkshire and Humber,18-24,Current,12.4
103266,North West,25-34,Premier,8.1
103267,West Midlands,45-54,Premier,4.6
103268,South East,45-54,Current,0.5
103269,North East,18-24,Current,18.5
103270,West Midlands,25-34,Current,1.7
103271,North East,35-44,Current,6.7
103272,London,35-44,Current,3.9
103273,London,65+,Savings,9.9
103274,South East,25-34,Current,4.0
103275,South East,18-24,Current,14.8
103276,South West,35-44,Current,4.6
103277,London,25-34,Current,3.8
103278,London,25-34,Current,4.4
103279,North West,35-44,Current,6.0
103280,West Midlands,35-44,Current,12.9
103281,South East,25-34,Current,4.3
103282,East Midlands,45-54,Current,14.0
103283,North West,45-54,Savings,8.7
103284,West Midlands,25-34,Current,4.0
103285,West Midlands,65+,Current,4.9
103286,London,35-44,Student,10.6
103287,London,65+,Savings,7.6
103288,Yorkshire and Humber,65+,Current,10.3
103289,West Midlands,35-44,Current,16.3
103290,London,25-34,Current,1.0
103291,Yorkshire and Humber,55-64,Current,7.9
103292,South East,35-44,Student,8.4
103293,London,25-34,Current,5.1
103294,London,45-54,Current,8.9
103295,London,35-44,Current,11.4
103296,North East,55-64,Current,11.7
103297,South East,55-64,Current,13.4
103298,London,65+,Current,1.6
103299,London,55-64,Current,9.3
103300,East Midlands,45-54,Student,15.2
103301,North East,45-54,Savings,9.2
103302,North West,65+,Premier,13.2
103303,North West,65+,Student,11.8
103304,Wales,55-64,Premier,9.3
103305,South East,55-64,Premier,1.7
103306,East Midlands,45-54,Current,12.7
103307,East Midlands,25-34,Current,10.7
103308,East Midlands,65+,Current,0.2
103309,London,18-24,Savings,4.2
103310,East Midlands,25-34,Savings,1.3
103311,North East,35-44,Current,11.4
103312,North East,45-54,Savings,0.4
103313,London,45-54,Savings,16.9
103314,London,25-34,Savings,19.0
103315,North West,25-34,Current,19.5
103316,East Midlands,25-34,Current,4.6
103317,South East,35-44,Current,10.0
103318,West Midlands,18-24,Current,17.8
103319,East Midlands,55-64,Current,13.8
103320,North West,25-34,Current,6.0
103321,East Midlands,35-44,Current,16.7
103322,London,35-44,Current,11.5
103323,South East,45-54,Current,14.6
103324,South West,55-64,Current,19.4
103325,London,25-34,Premier,20.0
103326,South West,35-44,Current,10.1
103327,Yorkshire and Humber,55-64,Premier,3.2
103328,South West,18-24,Current,12.4
103329,London,55-64,Current,12.9
103330,North West,65+,Premier,11.5
103331,North East,45-54,Savings,8.5
103332,North West,65+,Savings,11.7
103333,East Midlands,35-44,Savings,10.7
103334,North West,35-44,Current,18.9
103335,Yorkshire and Humber,25-34,Savings,16.8
103336,Yorkshire and Humber,18-24,Current,7.9
103337,London,25-34,Savings,11.5
103338,East of England,35-44,Premier,11.4
103339,North West,45-54,Student,10.3
103340,London,25-34,Savings,1.3
103341,Yorkshire and Humber,45-54,Savings,14.3
103342,South West,25-34,Current,14.7
103343,West Midlands,35-44,Current,9.7
103344,West Midlands,25-34,Student,18.0
103345,London,55-64,Savings,19.7
103346,South East,45-54,Current,16.3
103347,South West,55-64,Savings,18.6
103348,London,18-24,Current,9.8
103349,South East,35-44,Savings,18.3
103350,Yorkshire and Humber,65+,Savings,18.7
103351,East Midlands,18-24,Current,12.5
103352,West Midlands,35-44,Current,3.1
103353,East Midlands,18-24,Savings,3.1
103354,North West,25-34,Current,9.5
103355,London,35-44,Premier,14.7
103356,Yorkshire and Humber,25-34,Current,10.1
103357,London,45-54,Current,16.0
103358,London,65+,Current,15.4
103359,South East,25-34,Savings,4.2
103360,South East,25-34,Current,2.7
103361,North West,55-64,Student,14.1
103362,Yorkshire and Humber,35-44,Premier,6.5
103363,London,65+,Current,18.6
103364,London,35-44,Current,17.4
103365,North West,45-54,Current,9.1
103366,Yorkshire and Humber,65+,Student,11.7
103367,South East,25-34,Current,17.0
103368,London,55-64,Student,17.4
103369,West Midlands,45-54,Student,11.2
103370,London,55-64,Savings,19.4
103371,East of England,25-34,Current,10.5
103372,East Midlands,35-44,Premier,0.9
103373,East of England,25-34,Savings,11.3
103374,West Midlands,65+,Savings,15.6
103375,London,18-24,Current,19.7
103376,Yorkshire and Humber,18-24,Current,2.2
103377,East Midlands,65+,Current,8.9
103378,East of England,35-44,Premier,11.8
103379,London,45-54,Savings,17.6
103380,North East,35-44,Savings,14.3
103381,North West,45-54,Current,4.7
103382,East of England,25-34,Student,17.2
103383,East of England,35-44,Current,13.3
103384,London,45-54,Savings,17.9
103385,West Midlands,35-44,Current,16.7
103386,South East,25-34,Student,2.7
103387,London,25-34,Savings,19.2
103388,North East,55-64,Current,9.1
103389,London,25-34,Current,19.7
103390,North West,35-44,Current,3.8
103391,West Midlands,35-44,Current,15.9
103392,South East,35-44,Current,6.2
103393,Wales,55-64,Current,1.0
103394,East Midlands,35-44,Current,19.9
103395,South East,65+,Current,6.1
103396,East of England,45-54,Savings,1.7
103397,East Midlands,55-64,Current,17.2
103398,West Midlands,55-64,Current,8.7
103399,South East,25-34,Student,11.6
103400,London,65+,Current,19.7
103401,East Midlands,55-64,Savings,9.7
103402,South West,45-54,Premier,1.4
103403,London,25-34,Savings,13.9
103404,East of England,25-34,Current,14.2
103405,East of England,45-54,Current,4.0
103406,South West,35-44,Student,11.0
103407,London,45-54,Savings,7.4
103408,North West,35-44,Current,1.1
103409,London,45-54,Savings,6.3
103410,West Midlands,25-34,Student,18.2
103411,South East,25-34,Savings,6.1
103412,West Midlands,25-34,Current,4.5
103413,London,55-64,Current,18.8
103414,East Midlands,45-54,Current,7.7
103415,North West,65+,Current,18.8
103416,North West,55-64,Savings,17.6
103417,London,55-64,Current,9.5
103418,South West,45-54,Current,7.8
103419,East Midlands,55-64,Current,2.8
103420,East of England,65+,Student,3.9
103421,East of England,55-64,Student,4.7
103422,Yorkshire and Humber,25-34,Savings,9.5
103423,South East,45-54,Premier,7.5
103424,Yorkshire and Humber,25-34,Premier,16.0
103425,West Midlands,25-34,Current,6.0
103426,London,55-64,Current,8.5
103427,East Midlands,55-64,Savings,2.5
103428,East of England,25-34,Savings,5.5
103429,East of England,25-34,Current,15.7
103430,South West,65+,Premier,14.2
103431,London,25-34,Current,8.1
103432,London,18-24,Premier,11.6
103433,Wales,55-64,Current,9.2
103434,North West,55-64,Current,17.9
103435,East Midlands,45-54,Student,8.0
103436,London,45-54,Savings,14.5
103437,North West,35-44,Savings,4.4
103438,North West,25-34,Current,8.7
103439,East Midlands,55-64,Current,10.6
103440,London,55-64,Current,2.2
103441,North West,35-44,Current,11.8
103442,West Midlands,35-44,Current,11.5
103443,East Midlands,25-34,Current,3.3
103444,Yorkshire and Humber,18-24,Current,20.0
103445,East of England,35-44,Current,1.9
103446,Yorkshire and Humber,18-24,Current,17.9
103447,South East,55-64,Current,9.9
103448,South East,25-34,Current,4.5
103449,North West,55-64,Premier,2.3
103450,South West,45-54,Premier,14.0
103451,South East,55-64,Savings,15.1
103452,London,65+,Current,13.5
103453,East Midlands,35-44,Savings,8.5
103454,East Midlands,25-34,Current,3.5
103455,Wales,55-64,Current,15.8
103456,South West,18-24,Student,17.4
103457,North East,25-34,Current,7.9
103458,East of England,18-24,Premier,16.8
103459,East Midlands,65+,Savings,12.7
103460,South West,18-24,Current,10.6
103461,London,45-54,Current,12.3
103462,South West,35-44,Savings,2.2
103463,East Midlands,45-54,Current,2.6
103464,North West,35-44,Current,14.6
103465,South East,65+,Current,19.4
103466,South West,55-64,Premier,10.2
103467,London,35-44,Current,1.2
103468,North West,35-44,Premier,1.5
103469,North West,55-64,Savings,9.4
103470,North East,55-64,Current,13.2
103471,London,35-44,Current,3.2
103472,London,35-44,Savings,0.8
103473,London,18-24,Current,14.6
103474,Yorkshire and Humber,25-34,Current,3.0
103475,London,18-24,Current,8.8
103476,London,18-24,Student,14.7
103477,South West,25-34,Savings,2.6
103478,East of England,55-64,Current,8.9
103479,North East,55-64,Current,2.3
103480,London,55-64,Current,7.0
103481,London,45-54,Savings,18.3
103482,South East,45-54,Current,13.8
103483,South West,25-34,Premier,0.6
103484,London,55-64,Student,2.8
103485,South East,35-44,Current,5.9
103486,South East,45-54,Student,17.9
103487,South East,65+,Savings,15.0
103488,South East,65+,Savings,12.4
103489,West Midlands,25-34,Current,3.1
103490,London,55-64,Premier,18.6
103491,London,25-34,Current,16.2
103492,East Midlands,18-24,Savings,4.9
103493,East of England,18-24,Current,8.1
103494,London,25-34,Current,8.6
103495,West Midlands,55-64,Premier,11.8
103496,South West,35-44,Current,7.6
103497,South East,18-24,Current,4.3
103498,South East,65+,Savings,13.4
103499,Yorkshire and Humber,45-54,Current,13.6
103500,East of England,35-44,Student,8.9
103501,Yorkshire and Humber,45-54,Premier,9.8
103502,London,45-54,Current,1.1
103503,East Midlands,35-44,Current,9.2
103504,London,45-54,Premier,16.0
103505,South East,65+,Premier,11.9
103506,London,35-44,Current,18.4
103507,London,35-44,Savings,14.4
103508,South West,18-24,Current,15.6
103509,South East,55-64,Current,9.2
103510,North West,35-44,Savings,3.6
103511,North East,35-44,Current,18.3
103512,South East,65+,Current,13.2
103513,Wales,45-54,Current,18.2
103514,Wales,25-34,Student,12.4
103515,East of England,25-34,Current,9.1
103516,South East,35-44,Current,2.8
103517,London,65+,Current,8.0
103518,West Midlands,35-44,Current,12.0
103519,London,25-34,Premier,18.6
103520,South East,45-54,Current,16.6
103521,London,35-44,Current,10.3
103522,East of England,18-24,Premier,9.0
103523,West Midlands,65+,Current,0.8
103524,Yorkshire and Humber,18-24,Current,7.1
103525,London,65+,Savings,19.6
103526,London,55-64,Savings,14.8
103527,West Midlands,25-34,Current,10.5
103528,West Midlands,55-64,Savings,17.3
103529,South West,55-64,Savings,0.6
103530,London,45-54,Savings,19.2
103531,East Midlands,45-54,Current,14.0
103532,East Midlands,18-24,Savings,0.4
103533,London,18-24,Current,14.1
103534,West Midlands,55-64,Savings,1.8
103535,South East,25-34,Premier,12.8
103536,South West,25-34,Student,6.1
103537,North West,45-54,Savings,4.3
103538,London,25-34,Current,12.6
103539,West Midlands,55-64,Current,8.7
103540,North West,55-64,Current,1.4
103541,East of England,55-64,Current,16.5
103542,London,18-24,Savings,5.4
103543,East of England,35-44,Savings,12.4
103544,North West,55-64,Current,12.2
103545,Yorkshire and Humber,35-44,Current,1.2
103546,London,55-64,Student,19.9
103547,London,45-54,Current,9.0
103548,Wales,35-44,Current,4.2
103549,West Midlands,35-44,Current,8.8
103550,East of England,45-54,Current,12.1
103551,East of England,25-34,Savings,0.2
103552,London,65+,Current,6.1
103553,Yorkshire and Humber,45-54,Current,10.8
103554,London,25-34,Current,13.9
103555,North West,55-64,Current,6.3
103556,South West,35-44,Current,8.1
103557,London,25-34,Current,4.5
103558,East of England,65+,Student,5.9
103559,London,55-64,Savings,13.8
103560,London,45-54,Current,6.8
103561,South East,55-64,Current,5.7
103562,London,45-54,Savings,6.0
103563,East of England,35-44,Current,12.3
103564,West Midlands,25-34,Current,11.3
103565,Wales,25-34,Current,8.2
103566,South West,35-44,Current,12.7
103567,East of England,35-44,Premier,12.9
103568,London,55-64,Current,0.4
103569,South West,35-44,Premier,6.8
103570,North West,45-54,Student,5.0
103571,South East,55-64,Premier,16.6
103572,West Midlands,65+,Savings,5.6
103573,North West,35-44,Student,6.4
103574,London,65+,Current,10.8
103575,North West,55-64,Student,11.0
103576,Yorkshire and Humber,18-24,Current,16.2
103577,South West,35-44,Savings,7.8
103578,North West,25-34,Savings,5.7
103579,South East,45-54,Current,12.2
103580,East Midlands,45-54,Current,14.6
103581,South East,45-54,Current,19.9
103582,South West,55-64,Current,12.4
103583,Yorkshire and Humber,35-44,Current,9.9
103584,South East,35-44,Current,2.7
103585,East of England,65+,Current,19.7
103586,South West,65+,Current,13.7
103587,Yorkshire and Humber,55-64,Current,3.4
103588,London,25-34,Current,9.2
103589,South East,25-34,Current,11.3
103590,North West,25-34,Current,4.4
103591,South West,35-44,Current,14.7
103592,North West,25-34,Premier,13.0
103593,South West,65+,Current,4.8
103594,East Midlands,45-54,Current,19.8
103595,East Midlands,35-44,Current,19.0
103596,Wales,35-44,Student,5.4
103597,East of England,35-44,Current,8.9
103598,East of England,35-44,Current,17.9
103599,North East,55-64,Current,8.2
103600,London,25-34,Current,19.1
103601,North West,55-64,Current,4.1
103602,West Midlands,25-34,Premier,14.5
103603,London,25-34,Premier,12.0
103604,North West,65+,Current,7.0
103605,North East,25-34,Current,14.4
103606,East Midlands,25-34,Current,0.6
103607,West Midlands,45-54,Premier,4.7
103608,North West,35-44,Premier,5.3
103609,West Midlands,25-34,Current,2.4
103610,North West,18-24,Current,0.8
103611,South East,25-34,Current,7.1
103612,North West,45-54,Savings,4.4
103613,London,25-34,Current,2.7
103614,East of England,55-64,Current,3.2
103615,London,55-64,Current,16.5
103616,South East,25-34,Current,2.0
103617,Yorkshire and Humber,35-44,Student,14.5
103618,West Midlands,25-34,Current,1.2
103619,North West,35-44,Current,0.9
103620,North East,25-34,Savings,8.9
103621,London,55-64,Savings,7.7
103622,North West,35-44,Savings,11.0
103623,London,45-54,Savings,14.1
103624,South West,45-54,Current,6.3
103625,South East,55-64,Current,4.0
103626,London,35-44,Current,16.5
103627,East of England,25-34,Savings,3.4
103628,South East,65+,Premier,16.0
103629,London,35-44,Current,11.8
103630,West Midlands,45-54,Savings,5.9
103631,West Midlands,45-54,Savings,6.4
103632,North East,45-54,Premier,7.5
103633,London,25-34,Current,11.9
103634,Yorkshire and Humber,25-34,Current,19.6
103635,London,35-44,Savings,6.4
103636,East Midlands,45-54,Savings,18.8
103637,South West,55-64,Savings,4.2
103638,North West,55-64,Student,2.3
103639,South West,65+,Current,10.7
103640,London,65+,Savings,19.5
103641,North West,55-64,Current,9.7
103642,East Midlands,25-34,Current,16.0
103643,South West,35-44,Current,9.5
103644,West Midlands,45-54,Current,17.0
103645,East Midlands,45-54,Current,16.3
103646,South East,25-34,Savings,13.8
103647,Yorkshire and Humber,45-54,Student,12.3
103648,Yorkshire and Humber,35-44,Current,10.4
103649,North West,35-44,Current,19.1
103650,East of England,55-64,Current,11.2
103651,North West,35-44,Current,6.8
103652,North West,45-54,Current,17.7
103653,North West,45-54,Current,13.2
103654,West Midlands,45-54,Premier,11.2
103655,North West,25-34,Current,13.7
103656,East Midlands,45-54,Savings,7.0
103657,West Midlands,35-44,Savings,8.5
103658,Yorkshire and Humber,45-54,Current,4.0
103659,East of England,25-34,Current,17.1
103660,East Midlands,65+,Current,13.3
103661,North West,55-64,Current,16.5
103662,East of England,35-44,Student,6.4
103663,East of England,35-44,Current,19.9
103664,South East,35-44,Current,7.2
103665,North West,55-64,Current,7.1
103666,Yorkshire and Humber,45-54,Current,19.2
103667,North West,55-64,Premier,13.1
103668,West Midlands,65+,Current,18.7
103669,Yorkshire and Humber,35-44,Savings,12.5
103670,London,45-54,Current,5.0
103671,Yorkshire and Humber,35-44,Current,7.9
103672,London,45-54,Current,17.2
103673,North West,35-44,Premier,9.8
103674,Yorkshire and Humber,55-64,Current,14.2
103675,South West,18-24,Savings,3.4
103676,East of England,25-34,Current,8.1
103677,North West,35-44,Current,16.8
103678,London,65+,Current,18.8
103679,North West,45-54,Savings,6.6
103680,East Midlands,35-44,Current,3.5
103681,South East,35-44,Current,0.6
103682,West Midlands,35-44,Student,2.6
103683,Yorkshire and Humber,65+,Current,16.7
103684,London,65+,Current,9.2
103685,West Midlands,55-64,Current,5.9
103686,West Midlands,55-64,Current,15.5
103687,Yorkshire and Humber,25-34,Current,15.9
103688,North East,25-34,Current,7.3
103689,London,45-54,Current,18.0
103690,Yorkshire and Humber,45-54,Current,9.3
103691,East Midlands,25-34,Savings,5.3
103692,London,55-64,Premier,18.0
103693,West Midlands,25-34,Savings,3.1
103694,London,25-34,Current,19.9
103695,South East,35-44,Savings,12.3
103696,Yorkshire and Humber,55-64,Current,18.3
103697,North West,55-64,Savings,3.7
103698,East Midlands,45-54,Current,7.8
103699,East Midlands,55-64,Current,17.5
103700,London,55-64,Savings,16.8
103701,East of England,35-44,Current,17.4
103702,North West,55-64,Savings,5.7
103703,London,25-34,Savings,12.4
103704,South East,45-54,Current,7.9
103705,East Midlands,25-34,Current,6.5
103706,West Midlands,35-44,Current,10.5
103707,Yorkshire and Humber,45-54,Savings,14.3
103708,South East,25-34,Savings,10.4
103709,London,35-44,Current,4.7
103710,South East,45-54,Savings,16.2
103711,East of England,45-54,Current,19.6
103712,South East,18-24,Current,7.3
103713,Wales,25-34,Current,17.0
103714,South East,35-44,Current,17.3
103715,East of England,55-64,Current,5.3
103716,South West,65+,Current,14.1
103717,South East,35-44,Savings,18.8
103718,South West,55-64,Premier,14.8
103719,North East,45-54,Premier,0.7
103720,London,65+,Current,12.1
103721,London,25-34,Current,15.6
103722,London,45-54,Savings,12.4
103723,East of England,45-54,Current,0.7
103724,London,35-44,Current,2.5
103725,South West,18-24,Current,16.1
103726,South West,18-24,Current,9.8
103727,North East,35-44,Savings,19.2
103728,North West,55-64,Current,8.4
103729,South East,55-64,Current,16.5
103730,South East,25-34,Savings,0.8
103731,North East,55-64,Current,16.8
103732,East of England,35-44,Current,17.2
103733,London,65+,Current,7.3
103734,London,25-34,Premier,6.3
103735,West Midlands,55-64,Savings,18.2
103736,Wales,65+,Current,15.6
103737,North West,55-64,Savings,12.0
103738,South East,55-64,Premier,8.8
103739,South West,35-44,Current,18.3
103740,London,55-64,Current,15.0
103741,North West,45-54,Current,8.4
103742,West Midlands,35-44,Savings,10.0
103743,East of England,65+,Current,2.1
103744,London,35-44,Current,16.2
103745,West Midlands,35-44,Current,16.8
103746,South East,65+,Savings,7.2
103747,North West,35-44,Savings,6.3
103748,East of England,25-34,Current,5.1
103749,North West,35-44,Current,3.6
103750,West Midlands,55-64,Savings,19.0
103751,East Midlands,55-64,Current,15.2
103752,London,25-34,Savings,8.7
103753,London,45-54,Current,2.3
103754,South East,45-54,Premier,2.9
103755,London,45-54,Current,14.2
103756,Yorkshire and Humber,45-54,Savings,4.1
103757,North West,65+,Current,7.0
103758,North West,35-44,Current,19.1
103759,East of England,35-44,Savings,11.7
103760,West Midlands,45-54,Current,16.2
103761,Wales,35-44,Savings,2.2
103762,North West,35-44,Current,6.7
103763,East Midlands,18-24,Current,17.9
103764,North West,25-34,Student,16.2
103765,East Midlands,65+,Current,14.5
103766,South West,18-24,Student,11.8
103767,London,45-54,Current,5.5
103768,Yorkshire and Humber,55-64,Current,11.8
103769,South East,18-24,Savings,1.1
103770,London,25-34,Current,4.1
103771,North East,35-44,Current,10.4
103772,North East,45-54,Current,0.1
103773,South East,35-44,Current,4.7
103774,South West,45-54,Savings,3.1
103775,South West,25-34,Current,7.0
103776,London,18-24,Current,17.2
103777,South East,18-24,Current,19.0
103778,East Midlands,35-44,Current,3.4
103779,South East,35-44,Current,4.7
103780,North East,65+,Current,17.0
103781,East Midlands,18-24,Student,3.5
103782,South West,45-54,Savings,14.9
103783,North East,45-54,Current,1.8
103784,North West,55-64,Current,13.0
103785,London,45-54,Current,5.4
103786,East of England,18-24,Current,15.0
103787,North East,45-54,Current,10.4
103788,West Midlands,35-44,Premier,3.7
103789,Yorkshire and Humber,55-64,Savings,8.1
103790,South East,25-34,Current,10.3
103791,North West,55-64,Current,19.9
103792,North West,45-54,Savings,9.7
103793,East Midlands,45-54,Premier,3.1
103794,West Midlands,25-34,Current,11.1
103795,London,45-54,Student,4.5
103796,South East,55-64,Current,17.6
103797,London,35-44,Savings,16.7
103798,South East,35-44,Current,2.7
103799,Yorkshire and Humber,25-34,Current,11.8
103800,North West,35-44,Current,14.0
103801,East Midlands,55-64,Current,5.1
103802,West Midlands,35-44,Current,12.6
103803,North West,55-64,Current,9.3
103804,West Midlands,55-64,Savings,9.7
103805,East Midlands,45-54,Current,11.1
103806,West Midlands,45-54,Savings,11.4
103807,South East,45-54,Current,14.2
103808,London,45-54,Savings,9.1
103809,North East,25-34,Current,14.5
103810,South West,55-64,Current,9.8
103811,London,65+,Current,13.3
103812,West Midlands,35-44,Premier,5.3
103813,London,65+,Savings,10.9
103814,East Midlands,65+,Current,9.4
103815,London,35-44,Savings,6.1
103816,Yorkshire and Humber,55-64,Current,1.3
103817,Yorkshire and Humber,45-54,Current,10.3
103818,North West,25-34,Current,0.3
103819,South East,18-24,Savings,7.9
103820,South West,35-44,Premier,7.5
103821,South East,55-64,Premier,12.7
103822,London,35-44,Current,19.7
103823,London,55-64,Current,17.2
103824,East Midlands,45-54,Savings,19.5
103825,South East,55-64,Current,19.0
103826,London,35-44,Current,1.6
103827,North West,35-44,Premier,5.7
103828,North West,25-34,Current,6.0
103829,North East,25-34,Current,1.5
103830,London,25-34,Student,16.9
103831,London,25-34,Savings,17.9
103832,London,25-34,Premier,12.1
103833,Yorkshire and Humber,45-54,Savings,17.8
103834,London,35-44,Current,14.3
103835,North West,25-34,Savings,8.9
103836,London,65+,Savings,3.1
103837,South East,45-54,Premier,19.2
103838,East Midlands,65+,Current,13.9
103839,South West,45-54,Current,7.1
103840,North West,18-24,Current,2.7
103841,South East,65+,Current,16.0
103842,London,55-64,Premier,16.1
103843,South East,45-54,Premier,10.9
103844,London,45-54,Current,20.0
103845,North East,35-44,Premier,7.8
103846,London,35-44,Current,18.8
103847,South East,55-64,Student,12.6
103848,South East,45-54,Savings,14.8
103849,North West,25-34,Savings,18.3
103850,North West,18-24,Savings,16.6
103851,Yorkshire and Humber,25-34,Savings,5.8
103852,North West,25-34,Student,17.4
103853,Yorkshire and Humber,35-44,Current,10.8
103854,Yorkshire and Humber,65+,Student,1.0
103855,London,25-34,Current,13.5
103856,North West,35-44,Current,10.0
103857,South West,25-34,Savings,10.8
103858,London,45-54,Savings,8.3
103859,South East,45-54,Premier,1.4
103860,East Midlands,45-54,Current,3.7
103861,London,65+,Current,15.2
103862,East Midlands,65+,Current,4.8
103863,South East,55-64,Student,12.6
103864,Yorkshire and Humber,55-64,Premier,10.9
103865,North East,35-44,Student,4.5
103866,North West,45-54,Current,5.7
103867,London,35-44,Student,7.7
103868,North West,55-64,Current,17.6
103869,London,25-34,Premier,18.8
103870,London,25-34,Current,7.8
103871,Yorkshire and Humber,18-24,Current,1.0
103872,West Midlands,45-54,Current,12.1
103873,West Midlands,45-54,Savings,8.4
103874,West Midlands,18-24,Current,9.9
103875,Wales,45-54,Current,8.9
103876,Yorkshire and Humber,35-44,Savings,13.1
103877,East Midlands,55-64,Premier,6.2
103878,North East,18-24,Savings,17.9
103879,East Midlands,18-24,Current,8.5
103880,Yorkshire and Humber,45-54,Savings,6.9
103881,South East,45-54,Current,18.5
103882,East of England,55-64,Current,7.2
103883,South East,45-54,Current,1.8
103884,London,65+,Current,3.2
103885,Wales,35-44,Current,14.3
103886,East Midlands,35-44,Current,11.3
103887,Wales,65+,Current,10.7
103888,South West,25-34,Savings,1.7
103889,East of England,55-64,Current,3.4
103890,North West,18-24,Current,8.0
103891,West Midlands,35-44,Current,9.0
103892,South East,25-34,Savings,7.6
103893,London,45-54,Savings,10.1
103894,London,55-64,Current,14.7
103895,East of England,18-24,Savings,12.8
103896,London,25-34,Savings,12.3
103897,North West,35-44,Savings,11.2
103898,Yorkshire and Humber,25-34,Current,4.1
103899,West Midlands,35-44,Current,12.1
103900,West Midlands,65+,Current,3.3
103901,West Midlands,25-34,Current,14.3
103902,South West,35-44,Current,9.1
103903,South East,35-44,Premier,11.7
103904,London,35-44,Current,17.3
103905,Yorkshire and Humber,35-44,Current,7.5
103906,South East,55-64,Premier,2.1
103907,South West,45-54,Current,17.8
103908,East of England,55-64,Current,7.4
103909,London,35-44,Premier,8.2
103910,South West,45-54,Current,6.0
103911,London,65+,Current,8.5
103912,London,55-64,Current,10.5
103913,East of England,65+,Current,16.9
103914,Yorkshire and Humber,25-34,Savings,14.4
103915,Yorkshire and Humber,65+,Current,10.3
103916,North West,55-64,Savings,15.3
103917,London,55-64,Current,17.0
103918,London,45-54,Premier,1.3
103919,South East,65+,Current,11.9
103920,London,35-44,Premier,1.0
103921,North West,55-64,Current,6.2
103922,East of England,55-64,Student,15.3
103923,Yorkshire and Humber,55-64,Savings,15.8
103924,East of England,55-64,Current,17.7
103925,West Midlands,25-34,Current,10.0
103926,London,35-44,Savings,1.8
103927,London,35-44,Current,2.6
103928,South West,55-64,Current,5.0
103929,West Midlands,55-64,Savings,7.5
103930,East of England,55-64,Premier,10.6
103931,London,55-64,Premier,13.0
103932,London,45-54,Current,3.3
103933,London,25-34,Current,3.9
103934,East Midlands,45-54,Current,3.5
103935,London,65+,Savings,15.1
103936,North West,45-54,Premier,6.1
103937,Yorkshire and Humber,65+,Current,3.4
103938,London,65+,Current,8.7
103939,London,35-44,Current,5.0
103940,West Midlands,55-64,Current,7.4
103941,East Midlands,45-54,Premier,16.5
103942,West Midlands,35-44,Savings,6.7
103943,West Midlands,25-34,Current,3.6
103944,London,25-34,Current,4.7
103945,West Midlands,25-34,Current,0.8
103946,East of England,45-54,Savings,18.0
103947,West Midlands,25-34,Savings,14.0
103948,West Midlands,35-44,Current,9.3
103949,East of England,45-54,Current,11.3
103950,North West,35-44,Premier,5.2
103951,Yorkshire and Humber,55-64,Savings,8.1
103952,North East,35-44,Current,6.5
103953,North East,25-34,Current,16.5
103954,South East,65+,Premier,14.9
103955,East Midlands,55-64,Savings,5.7
103956,London,45-54,Premier,15.3
103957,Wales,55-64,Current,2.0
103958,North East,25-34,Current,4.1
103959,West Midlands,55-64,Current,2.2
103960,Yorkshire and Humber,25-34,Student,4.8
103961,North West,35-44,Savings,4.6
103962,West Midlands,25-34,Current,18.0
103963,South East,55-64,Premier,6.6
103964,North West,25-34,Premier,7.2
103965,Yorkshire and Humber,25-34,Current,2.1
103966,West Midlands,25-34,Savings,1.4
103967,London,55-64,Savings,4.5
103968,West Midlands,35-44,Current,2.8
103969,London,45-54,Savings,7.0
103970,West Midlands,35-44,Current,3.8
103971,North East,55-64,Premier,3.6
103972,West Midlands,25-34,Savings,13.0
103973,London,65+,Premier,18.8
103974,West Midlands,35-44,Savings,0.3
103975,East Midlands,25-34,Current,14.1
103976,West Midlands,25-34,Current,13.2
103977,East Midlands,25-34,Savings,11.7
103978,West Midlands,35-44,Current,13.9
103979,London,25-34,Savings,10.2
103980,South East,65+,Current,18.5
103981,East Midlands,45-54,Current,3.2
103982,London,25-34,Current,9.5
103983,London,35-44,Savings,13.1
103984,North West,25-34,Current,18.2
103985,Yorkshire and Humber,25-34,Savings,9.8
103986,East Midlands,35-44,Current,19.5
103987,North West,25-34,Savings,13.2
103988,London,25-34,Savings,14.0
103989,Wales,65+,Current,16.4
103990,Wales,45-54,Current,14.7
103991,Wales,65+,Current,10.5
103992,Yorkshire and Humber,25-34,Current,15.5
103993,East Midlands,55-64,Savings,0.8
103994,North West,35-44,Current,18.7
103995,North West,25-34,Student,16.5
103996,East Midlands,55-64,Savings,12.8
103997,West Midlands,18-24,Current,1.5
103998,London,35-44,Student,6.0
103999,Yorkshire and Humber,55-64,Savings,5.1
104000,West Midlands,45-54,Current,5.2
104001,South East,45-54,Savings,13.5
104002,Yorkshire and Humber,35-44,Premier,17.5
104003,East of England,25-34,Current,13.7
104004,North West,65+,Current,7.8
104005,London,25-34,Current,19.4
104006,West Midlands,25-34,Current,17.3
104007,London,25-34,Savings,13.7
104008,West Midlands,65+,Current,8.0
104009,West Midlands,55-64,Savings,13.7
104010,London,35-44,Current,8.2
104011,North West,65+,Current,3.2
104012,West Midlands,18-24,Student,12.4
104013,East of England,65+,Current,14.0
104014,East Midlands,18-24,Current,7.1
104015,London,35-44,Current,18.6
104016,London,18-24,Current,17.1
104017,North West,65+,Current,11.7
104018,London,65+,Current,1.3
104019,East Midlands,45-54,Savings,0.4
104020,South East,25-34,Current,12.8
104021,North West,35-44,Student,16.3
104022,West Midlands,35-44,Student,10.1
104023,North West,35-44,Current,0.6
104024,East of England,18-24,Current,3.0
104025,South West,45-54,Student,4.3
104026,North East,45-54,Current,12.6
104027,South East,65+,Current,9.8
104028,South East,35-44,Current,2.1
104029,London,35-44,Savings,10.1
104030,East of England,45-54,Current,17.4
104031,London,25-34,Current,8.8
104032,Yorkshire and Humber,45-54,Current,3.1
104033,London,55-64,Savings,11.6
104034,London,25-34,Current,18.6
104035,West Midlands,35-44,Savings,2.4
104036,Yorkshire and Humber,65+,Current,3.2
104037,North West,45-54,Current,11.4
104038,South West,45-54,Current,6.9
104039,Yorkshire and Humber,55-64,Current,17.9
104040,South West,45-54,Current,14.3
104041,London,18-24,Student,3.0
104042,South East,55-64,Current,17.4
104043,West Midlands,65+,Premier,12.9
104044,East of England,18-24,Current,9.9
104045,London,25-34,Current,5.2
104046,North West,55-64,Current,13.0
104047,North West,45-54,Savings,18.0
104048,North West,35-44,Current,0.9
104049,Yorkshire and Humber,45-54,Current,7.6
104050,South East,55-64,Savings,18.7
104051,North East,45-54,Current,7.7
104052,South East,25-34,Savings,0.8
104053,London,25-34,Savings,2.1
104054,London,35-44,Current,13.8
104055,South West,65+,Student,14.0
104056,South West,45-54,Current,2.4
104057,North West,35-44,Student,4.5
104058,North East,65+,Premier,11.3
104059,Yorkshire and Humber,35-44,Savings,13.8
104060,South West,45-54,Premier,3.2
104061,North East,25-34,Savings,9.2
104062,South East,55-64,Current,11.3
104063,West Midlands,55-64,Current,1.1
104064,London,55-64,Current,4.6
104065,West Midlands,35-44,Current,18.4
104066,South West,35-44,Savings,17.6
104067,North West,25-34,Current,6.5
104068,South East,65+,Savings,17.4
104069,East of England,25-34,Current,12.7
104070,West Midlands,45-54,Current,19.6
104071,Yorkshire and Humber,55-64,Current,19.3
104072,London,25-34,Premier,12.4
104073,Yorkshire and Humber,35-44,Current,9.4
104074,West Midlands,18-24,Current,2.9
104075,East Midlands,45-54,Current,10.7
104076,Yorkshire and Humber,65+,Premier,8.0
104077,London,35-44,Current,12.9
104078,London,65+,Savings,1.9
104079,West Midlands,25-34,Current,16.7
104080,London,35-44,Current,19.3
104081,Yorkshire and Humber,65+,Savings,4.3
104082,North West,65+,Savings,12.7
104083,South East,35-44,Savings,16.1
104084,North West,45-54,Current,11.1
104085,London,65+,Premier,18.7
104086,East of England,55-64,Current,10.3
104087,London,45-54,Premier,5.5
104088,London,25-34,Current,9.5
104089,East Midlands,25-34,Current,9.8
104090,West Midlands,45-54,Current,5.1
104091,West Midlands,45-54,Savings,15.8
104092,South East,25-34,Savings,12.4
104093,South West,35-44,Current,7.5
104094,West Midlands,35-44,Current,8.5
104095,North West,45-54,Current,7.5
104096,North West,35-44,Current,9.0
104097,London,35-44,Student,10.6
104098,London,25-34,Current,6.7
104099,South East,65+,Current,16.4
104100,East of England,45-54,Current,18.6
104101,North West,25-34,Current,10.5
104102,South East,35-44,Premier,14.3
104103,London,35-44,Current,18.6
104104,North West,45-54,Premier,3.9
104105,East of England,45-54,Savings,3.9
104106,West Midlands,45-54,Current,1.5
104107,South East,55-64,Current,8.9
104108,South East,25-34,Savings,6.7
104109,East of England,35-44,Savings,11.3
104110,London,18-24,Current,9.1
104111,North West,35-44,Premier,3.9
104112,South West,35-44,Current,7.9
104113,South East,55-64,Current,0.7
104114,London,25-34,Current,10.8
104115,South East,45-54,Savings,5.5
104116,North West,35-44,Current,2.3
104117,London,35-44,Current,1.4
104118,East of England,55-64,Current,14.3
104119,North West,25-34,Current,5.0
104120,London,35-44,Current,13.2
104121,North East,35-44,Student,16.3
104122,South West,55-64,Current,10.0
104123,East of England,25-34,Premier,2.7
104124,Yorkshire and Humber,65+,Savings,12.3
104125,Wales,65+,Savings,1.5
104126,West Midlands,55-64,Premier,16.4
104127,London,35-44,Current,15.3
104128,London,45-54,Current,8.1
104129,South West,25-34,Current,5.5
104130,East of England,65+,Current,14.2
104131,South East,45-54,Current,11.4
104132,London,25-34,Savings,3.0
104133,Yorkshire and Humber,35-44,Savings,15.2
104134,London,55-64,Current,6.7
104135,London,65+,Savings,17.9
104136,East Midlands,45-54,Current,16.6
104137,London,35-44,Current,5.6
104138,East of England,55-64,Current,5.2
104139,South East,55-64,Current,8.0
104140,South West,55-64,Current,16.1
104141,Yorkshire and Humber,35-44,Current,2.7
104142,London,45-54,Current,6.4
104143,East Midlands,55-64,Current,13.2
104144,Yorkshire and Humber,25-34,Savings,0.8
104145,London,35-44,Current,1.2
104146,North West,18-24,Savings,15.3
104147,East Midlands,35-44,Savings,10.5
104148,South East,55-64,Current,11.2
104149,London,25-34,Current,5.1
104150,Yorkshire and Humber,45-54,Premier,10.7
104151,North West,18-24,Current,10.9
104152,London,65+,Current,8.3
104153,London,55-64,Student,19.3
104154,London,45-54,Student,1.1
104155,London,55-64,Savings,8.4
104156,East Midlands,25-34,Savings,17.2
104157,East of England,55-64,Current,4.2
104158,East Midlands,55-64,Savings,18.7
104159,London,25-34,Current,8.6
104160,West Midlands,65+,Student,3.2
104161,London,18-24,Current,2.0
104162,North West,45-54,Current,6.6
104163,East of England,25-34,Current,18.4
104164,Yorkshire and Humber,55-64,Savings,18.8
104165,London,25-34,Current,11.3
104166,North West,25-34,Savings,2.5
104167,East Midlands,35-44,Current,9.2
104168,Yorkshire and Humber,65+,Current,8.4
104169,London,35-44,Current,4.7
104170,London,45-54,Current,1.6
104171,North East,45-54,Savings,7.7
104172,South East,55-64,Premier,7.5
104173,Wales,35-44,Savings,14.1
104174,North West,45-54,Current,7.9
104175,South West,65+,Current,0.4
104176,London,35-44,Premier,0.5
104177,London,35-44,Savings,13.8
104178,Wales,65+,Savings,13.2
104179,South East,35-44,Current,3.3
104180,East of England,35-44,Savings,17.3
104181,South East,35-44,Current,13.3
104182,West Midlands,55-64,Savings,3.2
104183,South East,65+,Student,5.8
104184,London,45-54,Premier,19.5
104185,East of England,45-54,Current,8.2
104186,South West,35-44,Savings,4.8
104187,West Midlands,18-24,Current,10.5
104188,West Midlands,25-34,Current,4.2
104189,East Midlands,25-34,Savings,15.9
104190,London,25-34,Current,15.9
104191,East Midlands,45-54,Current,16.0
104192,South East,25-34,Savings,12.4
104193,London,25-34,Savings,13.9
104194,South West,35-44,Current,6.5
104195,North West,25-34,Current,17.6
104196,London,25-34,Savings,3.0
104197,West Midlands,25-34,Current,5.2
104198,East of England,25-34,Current,19.9
104199,West Midlands,45-54,Current,19.2
104200,West Midlands,55-64,Savings,10.2
104201,West Midlands,55-64,Current,10.0
104202,South West,55-64,Current,2.4
104203,West Midlands,45-54,Premier,13.2
104204,London,65+,Student,0.7
104205,South East,45-54,Current,6.4
104206,South East,45-54,Savings,8.4
104207,West Midlands,35-44,Premier,17.9
104208,East Midlands,35-44,Current,19.4
104209,London,35-44,Current,19.5
104210,West Midlands,25-34,Savings,16.0
104211,South East,55-64,Premier,5.9
104212,Yorkshire and Humber,18-24,Savings,1.0
104213,London,45-54,Current,8.6
104214,West Midlands,65+,Premier,6.0
104215,London,45-54,Savings,13.1
104216,West Midlands,25-34,Current,7.5
104217,South East,35-44,Premier,17.8
104218,East Midlands,35-44,Savings,7.5
104219,Wales,65+,Savings,7.6
104220,South East,55-64,Premier,15.2
104221,West Midlands,55-64,Current,11.8
104222,East Midlands,45-54,Savings,5.2
104223,Yorkshire and Humber,55-64,Current,13.6
104224,West Midlands,55-64,Student,11.3
104225,North West,18-24,Student,2.2
104226,East of England,25-34,Savings,9.4
104227,London,18-24,Savings,18.4
104228,West Midlands,45-54,Savings,4.3
104229,London,65+,Current,8.4
104230,North West,45-54,Current,5.6
104231,Wales,45-54,Current,10.8
104232,East Midlands,65+,Savings,19.5
104233,South East,25-34,Savings,6.3
104234,South East,25-34,Current,16.7
104235,East Midlands,65+,Current,16.8
104236,West Midlands,65+,Current,5.3
104237,Yorkshire and Humber,45-54,Current,15.5
104238,East of England,25-34,Premier,19.8
104239,London,65+,Student,19.1
104240,South East,55-64,Current,12.2
104241,South West,45-54,Savings,3.1
104242,South West,25-34,Current,2.5
104243,London,45-54,Current,5.4
104244,London,55-64,Savings,12.1
104245,South East,65+,Savings,7.8
104246,North West,45-54,Current,14.0
104247,East of England,45-54,Current,15.8
104248,East Midlands,55-64,Current,3.7
104249,West Midlands,45-54,Current,18.1
104250,South West,35-44,Current,1.3
104251,Yorkshire and Humber,25-34,Current,5.4
104252,West Midlands,25-34,Premier,16.3
104253,West Midlands,55-64,Current,3.8
104254,London,18-24,Current,4.5
104255,South West,18-24,Current,19.5
104256,East Midlands,65+,Current,18.3
104257,East Midlands,55-64,Savings,16.3
104258,London,18-24,Current,3.6
104259,North East,35-44,Current,5.2
104260,North West,55-64,Premier,4.8
104261,North East,35-44,Savings,3.9
104262,East of England,35-44,Current,19.4
104263,North West,35-44,Current,3.4
104264,South West,25-34,Student,15.0
104265,South East,55-64,Savings,1.1
104266,London,25-34,Premier,10.9
104267,Yorkshire and Humber,45-54,Current,1.5
104268,South West,25-34,Savings,1.3
104269,South West,18-24,Current,4.7
104270,South East,25-34,Current,18.5
104271,Wales,65+,Savings,12.8
104272,London,25-34,Savings,13.1
104273,South West,35-44,Current,6.0
104274,East of England,25-34,Current,14.5
104275,North West,55-64,Savings,13.7
104276,East Midlands,35-44,Current,9.3
104277,Yorkshire and Humber,65+,Current,13.7
104278,East of England,45-54,Current,17.4
104279,North West,45-54,Current,19.2
104280,South East,45-54,Savings,19.9
104281,East Midlands,18-24,Current,9.8
104282,Yorkshire and Humber,65+,Current,0.8
104283,London,65+,Savings,4.7
104284,West Midlands,35-44,Current,4.0
104285,East of England,45-54,Savings,6.1
104286,West Midlands,25-34,Current,7.3
104287,East of England,45-54,Savings,13.4
104288,North West,55-64,Savings,10.6
104289,Wales,65+,Savings,13.0
104290,London,35-44,Current,19.4
104291,East Midlands,55-64,Savings,1.1
104292,East Midlands,55-64,Savings,0.4
104293,East Midlands,25-34,Current,13.3
104294,London,45-54,Current,11.0
104295,South West,45-54,Current,9.7
104296,Yorkshire and Humber,55-64,Current,17.1
104297,London,65+,Current,3.3
104298,London,18-24,Premier,11.5
104299,London,25-34,Premier,18.6
104300,South East,25-34,Current,9.0
104301,London,25-34,Premier,11.6
104302,South East,35-44,Savings,1.5
104303,Wales,65+,Current,7.0
104304,Yorkshire and Humber,35-44,Premier,0.9
104305,East Midlands,45-54,Savings,11.5
104306,West Midlands,35-44,Current,11.9
104307,London,35-44,Current,19.0
104308,Yorkshire and Humber,55-64,Current,12.8
104309,North East,45-54,Premier,0.2
104310,London,35-44,Current,16.7
104311,London,65+,Current,6.7
104312,South West,45-54,Current,14.3
104313,North West,25-34,Current,5.4
104314,South West,35-44,Current,15.2
104315,East Midlands,45-54,Premier,18.6
104316,London,35-44,Current,1.7
104317,North East,55-64,Student,10.9
104318,South West,45-54,Current,10.9
104319,East of England,35-44,Current,5.8
104320,Yorkshire and Humber,55-64,Current,6.9
104321,South West,35-44,Current,13.6
104322,London,35-44,Student,5.9
104323,London,25-34,Savings,0.7
104324,East Midlands,35-44,Current,15.4
104325,West Midlands,35-44,Premier,12.5
104326,London,25-34,Savings,5.1
104327,East Midlands,45-54,Current,19.2
104328,South East,25-34,Current,18.0
104329,South West,25-34,Savings,19.3
104330,East of England,45-54,Savings,10.3
104331,West Midlands,25-34,Current,4.8
104332,North East,45-54,Current,3.6
104333,East Midlands,55-64,Current,19.0
104334,London,35-44,Current,17.8
104335,South West,25-34,Current,14.8
104336,East Midlands,35-44,Savings,10.3
104337,East Midlands,25-34,Current,7.7
104338,East Midlands,45-54,Current,14.1
104339,London,55-64,Current,0.3
104340,South West,45-54,Current,10.5
104341,West Midlands,35-44,Current,13.6
104342,West Midlands,65+,Savings,15.1
104343,London,25-34,Student,9.1
104344,North West,65+,Current,14.9
104345,South East,55-64,Student,2.0
104346,North East,35-44,Student,4.7
104347,South East,25-34,Current,3.0
104348,East of England,25-34,Premier,6.9
104349,London,65+,Current,6.9
104350,South West,25-34,Current,7.5
104351,West Midlands,65+,Student,9.4
104352,East Midlands,45-54,Current,8.8
104353,South East,35-44,Current,9.9
104354,East Midlands,45-54,Current,15.1
104355,East of England,25-34,Current,2.9
104356,South East,35-44,Current,7.1
104357,North East,65+,Current,0.1
104358,North West,25-34,Premier,0.7
104359,London,65+,Current,12.2
104360,South East,65+,Savings,17.5
104361,North West,18-24,Current,6.2
104362,London,45-54,Current,8.1
104363,South East,25-34,Premier,4.3
104364,Wales,45-54,Current,2.9
104365,South East,65+,Current,17.7
104366,West Midlands,65+,Savings,11.5
104367,London,65+,Current,14.1
104368,London,25-34,Current,17.6
104369,West Midlands,45-54,Premier,11.8
104370,London,25-34,Current,3.7
104371,North West,65+,Savings,14.3
104372,West Midlands,25-34,Current,15.0
104373,London,25-34,Current,8.3
104374,West Midlands,18-24,Current,12.4
104375,London,25-34,Savings,9.7
104376,West Midlands,25-34,Current,6.7
104377,South East,25-34,Student,13.5
104378,West Midlands,65+,Savings,5.0
104379,East of England,55-64,Current,6.6
104380,East Midlands,25-34,Current,8.2
104381,London,55-64,Current,12.3
104382,North West,35-44,Savings,17.1
104383,North West,55-64,Current,12.3
104384,London,35-44,Student,14.5
104385,South West,45-54,Current,5.9
104386,East of England,35-44,Premier,11.8
104387,North West,25-34,Premier,2.2
104388,West Midlands,45-54,Current,9.3
104389,South East,55-64,Current,13.8
104390,London,55-64,Current,3.7
104391,West Midlands,35-44,Current,18.1
104392,South East,45-54,Savings,8.4
104393,London,55-64,Current,13.5
104394,South East,18-24,Savings,9.5
104395,Yorkshire and Humber,25-34,Premier,14.7
104396,London,35-44,Premier,11.7
104397,West Midlands,25-34,Current,2.5
104398,South East,35-44,Premier,18.5
104399,West Midlands,25-34,Current,13.2
104400,South East,45-54,Current,9.5
104401,South West,45-54,Current,13.6
104402,South East,55-64,Current,5.3
104403,East Midlands,45-54,Current,15.4
104404,North West,35-44,Current,8.3
104405,London,65+,Current,16.1
104406,London,55-64,Premier,5.6
104407,East of England,45-54,Current,15.8
104408,Yorkshire and Humber,25-34,Savings,18.1
104409,East of England,45-54,Savings,19.6
104410,West Midlands,45-54,Current,15.6
104411,Yorkshire and Humber,45-54,Current,14.1
104412,East Midlands,55-64,Current,10.4
104413,South East,65+,Current,2.2
104414,West Midlands,65+,Premier,11.2
104415,North West,45-54,Current,11.3
104416,South East,65+,Savings,1.4
104417,London,65+,Savings,13.8
104418,East Midlands,18-24,Premier,3.1
104419,East Midlands,45-54,Current,12.0
104420,London,25-34,Premier,9.5
104421,North West,35-44,Current,17.5
104422,West Midlands,35-44,Current,4.7
104423,London,35-44,Savings,3.5
104424,North West,18-24,Current,11.1
104425,London,25-34,Savings,9.3
104426,Yorkshire and Humber,18-24,Savings,3.3
104427,West Midlands,45-54,Savings,12.3
104428,West Midlands,65+,Student,18.1
104429,North West,65+,Current,14.8
104430,East Midlands,35-44,Current,4.3
104431,North West,25-34,Current,4.8
104432,East of England,55-64,Student,11.2
104433,South West,25-34,Savings,13.6
104434,Yorkshire and Humber,65+,Student,19.6
104435,London,55-64,Current,2.2
104436,London,45-54,Current,11.0
104437,South West,25-34,Student,19.7
104438,North West,18-24,Savings,2.3
104439,North West,45-54,Current,19.5
104440,North West,35-44,Current,9.3
104441,East Midlands,55-64,Student,14.4
104442,North West,45-54,Savings,8.6
104443,East of England,35-44,Current,16.8
104444,East of England,25-34,Current,18.2
104445,West Midlands,35-44,Current,3.4
104446,London,25-34,Current,15.0
104447,Yorkshire and Humber,45-54,Current,0.5
104448,London,45-54,Current,5.6
104449,London,55-64,Student,11.1
104450,East Midlands,35-44,Current,12.1
104451,South West,35-44,Savings,7.4
104452,Wales,55-64,Current,5.5
104453,South East,55-64,Current,3.5
104454,South East,55-64,Current,4.9
104455,London,45-54,Current,2.7
104456,Yorkshire and Humber,65+,Savings,5.3
104457,West Midlands,25-34,Premier,16.4
104458,London,35-44,Savings,5.8
104459,East Midlands,55-64,Savings,18.2
104460,South West,25-34,Student,5.0
104461,Yorkshire and Humber,55-64,Savings,9.9
104462,Yorkshire and Humber,35-44,Current,3.4
104463,North West,25-34,Savings,0.4
104464,North East,25-34,Current,12.5
104465,West Midlands,55-64,Current,6.8
104466,West Midlands,55-64,Savings,7.0
104467,West Midlands,35-44,Savings,8.2
104468,South East,25-34,Current,15.6
104469,Wales,25-34,Premier,8.1
104470,North West,25-34,Current,1.8
104471,East of England,55-64,Savings,5.6
104472,North West,25-34,Premier,11.6
104473,London,25-34,Current,19.9
104474,East Midlands,18-24,Premier,2.9
104475,London,45-54,Savings,6.5
104476,South East,45-54,Savings,9.8
104477,London,45-54,Premier,18.9
104478,North West,45-54,Savings,2.3
104479,South West,65+,Current,15.9
104480,Wales,35-44,Savings,14.5
104481,London,65+,Current,6.2
104482,London,45-54,Current,15.5
104483,South West,25-34,Current,11.5
104484,North West,55-64,Current,3.5
104485,East of England,45-54,Savings,5.8
104486,North West,45-54,Premier,6.6
104487,South East,25-34,Premier,6.5
104488,West Midlands,35-44,Current,15.0
104489,North West,65+,Current,13.2
104490,London,25-34,Current,16.4
104491,London,18-24,Current,10.3
104492,East of England,25-34,Current,7.1
104493,Wales,35-44,Current,1.4
104494,West Midlands,55-64,Premier,15.9
104495,North West,45-54,Current,1.6
104496,Yorkshire and Humber,65+,Savings,6.1
104497,London,35-44,Student,13.4
104498,London,35-44,Savings,15.3
104499,East of England,25-34,Current,1.5
104500,South East,25-34,Current,12.2
104501,East Midlands,55-64,Premier,2.8
104502,London,25-34,Current,15.2
104503,London,25-34,Current,14.6
104504,London,65+,Premier,15.0
104505,West Midlands,45-54,Savings,1.4
104506,Yorkshire and Humber,18-24,Savings,11.2
104507,Yorkshire and Humber,55-64,Current,4.9
104508,West Midlands,45-54,Current,10.0
104509,South East,55-64,Student,19.8
104510,North West,45-54,Current,1.9
104511,London,18-24,Current,11.9
104512,London,25-34,Current,3.4
104513,East of England,25-34,Savings,10.3
104514,West Midlands,55-64,Current,10.5
104515,West Midlands,45-54,Student,9.2
104516,North West,55-64,Current,12.8
104517,London,45-54,Current,19.5
104518,North West,35-44,Premier,16.1
104519,South East,25-34,Premier,19.2
104520,North West,25-34,Savings,3.9
104521,East Midlands,35-44,Premier,19.9
104522,Yorkshire and Humber,45-54,Current,6.2
104523,South East,65+,Current,0.8
104524,East of England,25-34,Current,8.8
104525,South East,45-54,Current,5.0
104526,London,25-34,Savings,15.3
104527,South East,55-64,Student,1.8
104528,South East,18-24,Current,11.0
104529,North West,45-54,Current,5.9
104530,London,25-34,Premier,4.2
104531,South East,25-34,Current,17.5
104532,North West,45-54,Current,10.4
104533,South East,35-44,Current,6.6
104534,London,35-44,Current,14.9
104535,London,35-44,Current,17.1
104536,West Midlands,65+,Current,8.9
104537,South East,35-44,Current,3.7
104538,East of England,45-54,Current,19.9
104539,West Midlands,55-64,Current,7.2
104540,Yorkshire and Humber,45-54,Current,4.2
104541,East Midlands,35-44,Current,2.2
104542,East Midlands,45-54,Current,2.6
104543,Wales,25-34,Student,18.9
104544,London,45-54,Savings,18.9
104545,Yorkshire and Humber,35-44,Current,10.2
104546,North West,55-64,Current,13.9
104547,Wales,55-64,Current,16.7
104548,North West,25-34,Current,11.2
104549,South East,25-34,Savings,13.4
104550,North West,35-44,Premier,19.3
104551,East Midlands,45-54,Current,3.5
104552,South East,35-44,Current,2.9
104553,East Midlands,45-54,Current,15.1
104554,South East,45-54,Current,14.1
104555,North West,65+,Current,3.8
104556,South East,35-44,Savings,6.1
104557,South East,25-34,Current,13.7
104558,South East,35-44,Savings,9.9
104559,East Midlands,45-54,Savings,17.9
104560,South East,25-34,Current,16.8
104561,Wales,25-34,Premier,9.8
104562,North West,35-44,Savings,13.4
104563,North West,55-64,Current,12.9
104564,South West,65+,Premier,1.9
104565,West Midlands,35-44,Savings,8.6
104566,South East,25-34,Current,8.9
104567,South East,35-44,Current,18.0
104568,East Midlands,35-44,Current,17.7
104569,London,65+,Savings,1.2
104570,London,35-44,Premier,16.9
104571,North West,45-54,Current,12.3
104572,East of England,65+,Current,0.4
104573,West Midlands,45-54,Current,7.7
104574,Yorkshire and Humber,25-34,Savings,17.8
104575,South West,45-54,Current,7.2
104576,West Midlands,35-44,Current,13.6
104577,South West,35-44,Current,11.4
104578,East Midlands,65+,Savings,11.8
104579,London,35-44,Current,9.7
104580,East Midlands,35-44,Current,9.7
104581,South East,25-34,Current,18.1
104582,South West,25-34,Current,8.3
104583,South West,45-54,Current,3.9
104584,Wales,55-64,Current,8.5
104585,South East,45-54,Savings,14.7
104586,South East,35-44,Current,9.6
104587,London,18-24,Current,14.7
104588,East of England,35-44,Current,4.9
104589,London,45-54,Current,11.7
104590,East of England,55-64,Current,17.3
104591,North West,45-54,Current,10.6
104592,London,65+,Current,12.8
104593,South East,55-64,Current,13.6
104594,West Midlands,35-44,Premier,14.8
104595,North West,45-54,Current,7.1
104596,Wales,55-64,Current,12.6
104597,London,65+,Premier,8.4
104598,West Midlands,35-44,Current,7.9
104599,Yorkshire and Humber,45-54,Savings,9.6
104600,Yorkshire and Humber,35-44,Current,8.2
104601,London,55-64,Savings,0.6
104602,East of England,65+,Premier,14.9
104603,Wales,65+,Current,11.7
104604,South East,25-34,Premier,2.8
104605,South East,25-34,Current,5.3
104606,North West,55-64,Current,12.3
104607,East of England,45-54,Current,10.4
104608,North West,65+,Current,14.5
104609,West Midlands,35-44,Current,9.8
104610,Wales,55-64,Premier,16.9
104611,East of England,45-54,Savings,1.6
104612,North West,25-34,Student,12.3
104613,South East,25-34,Current,7.5
104614,London,55-64,Current,6.2
104615,North West,25-34,Current,18.9
104616,North West,55-64,Current,17.3
104617,West Midlands,45-54,Current,3.8
104618,London,35-44,Premier,1.2
104619,London,35-44,Student,17.4
104620,London,65+,Current,3.5
104621,North West,55-64,Current,18.6
104622,North East,55-64,Current,5.6
104623,London,55-64,Current,8.3
104624,East of England,45-54,Savings,1.0
104625,West Midlands,65+,Current,10.8
104626,London,45-54,Current,3.9
104627,South West,45-54,Current,8.7
104628,Yorkshire and Humber,35-44,Premier,18.4
104629,West Midlands,35-44,Savings,5.1
104630,North West,55-64,Premier,12.7
104631,North West,35-44,Current,4.1
104632,London,55-64,Current,12.2
104633,North West,65+,Current,5.9
104634,North West,35-44,Premier,13.7
104635,London,25-34,Current,15.4
104636,East Midlands,45-54,Savings,17.6
104637,Yorkshire and Humber,18-24,Current,18.4
104638,South East,55-64,Current,4.9
104639,West Midlands,45-54,Current,2.7
104640,North West,35-44,Current,1.1
104641,West Midlands,45-54,Student,14.4
104642,East Midlands,45-54,Premier,3.8
104643,London,35-44,Savings,16.0
104644,East Midlands,35-44,Current,19.3
104645,North West,35-44,Savings,3.0
104646,Wales,65+,Current,5.7
104647,East of England,25-34,Savings,10.5
104648,North West,35-44,Savings,8.7
104649,North West,25-34,Current,8.6
104650,London,35-44,Current,4.4
104651,South West,25-34,Current,17.8
104652,South West,55-64,Current,13.7
104653,West Midlands,25-34,Premier,3.2
104654,West Midlands,45-54,Savings,0.2
104655,Yorkshire and Humber,25-34,Current,15.3
104656,East of England,35-44,Current,0.4
104657,East of England,25-34,Savings,17.6
104658,West Midlands,55-64,Current,10.6
104659,London,65+,Current,18.6
104660,West Midlands,25-34,Savings,15.5
104661,South East,65+,Current,17.9
104662,East of England,35-44,Current,14.9
104663,London,45-54,Current,11.6
104664,East Midlands,55-64,Current,3.5
104665,London,25-34,Premier,14.6
104666,Yorkshire and Humber,35-44,Student,11.9
104667,South West,18-24,Premier,9.1
104668,Yorkshire and Humber,55-64,Premier,11.2
104669,East of England,35-44,Current,4.7
104670,North West,65+,Current,8.1
104671,West Midlands,35-44,Savings,2.6
104672,North West,65+,Current,8.3
104673,East Midlands,25-34,Premier,9.4
104674,North West,45-54,Current,17.2
104675,South East,35-44,Current,10.6
104676,West Midlands,25-34,Savings,18.2
104677,West Midlands,25-34,Premier,19.4
104678,West Midlands,45-54,Savings,1.1
104679,East Midlands,25-34,Current,12.0
104680,East of England,45-54,Current,6.1
104681,North East,65+,Current,17.0
104682,East Midlands,35-44,Savings,9.9
104683,South East,18-24,Current,1.7
104684,South East,25-34,Savings,4.4
104685,Wales,25-34,Current,13.5
104686,Yorkshire and Humber,35-44,Current,1.7
104687,North West,55-64,Premier,7.6
104688,London,35-44,Current,17.4
104689,East of England,25-34,Savings,0.7
104690,South East,45-54,Current,14.0
104691,London,35-44,Premier,13.5
104692,North West,45-54,Current,6.5
104693,South East,65+,Current,2.3
104694,East of England,35-44,Student,2.1
104695,Yorkshire and Humber,45-54,Savings,19.4
104696,South East,55-64,Current,13.6
104697,Yorkshire and Humber,55-64,Current,7.6
104698,London,55-64,Current,16.7
104699,London,55-64,Premier,2.2
104700,South East,45-54,Savings,2.6
104701,Wales,45-54,Premier,4.0
104702,London,55-64,Premier,15.3
104703,Yorkshire and Humber,55-64,Current,8.2
104704,Yorkshire and Humber,45-54,Current,12.9
104705,West Midlands,35-44,Savings,4.7
104706,North West,55-64,Savings,15.6
104707,East Midlands,25-34,Savings,16.1
104708,Yorkshire and Humber,25-34,Current,8.3
104709,West Midlands,35-44,Premier,4.3
104710,Yorkshire and Humber,25-34,Savings,12.6
104711,South West,45-54,Student,5.2
104712,North West,25-34,Current,3.1
104713,London,45-54,Current,12.4
104714,East of England,45-54,Savings,10.3
104715,London,25-34,Savings,15.7
104716,West Midlands,25-34,Current,5.9
104717,Yorkshire and Humber,45-54,Current,4.6
104718,London,55-64,Savings,12.8
104719,London,35-44,Premier,14.1
104720,West Midlands,25-34,Current,8.3
104721,London,35-44,Current,8.9
104722,London,25-34,Current,2.6
104723,North West,18-24,Current,9.4
104724,London,65+,Current,19.2
104725,East Midlands,25-34,Current,2.4
104726,Yorkshire and Humber,25-34,Savings,11.4
104727,South West,65+,Current,0.5
104728,North West,45-54,Current,6.6
104729,London,35-44,Premier,15.2
104730,Yorkshire and Humber,45-54,Current,11.4
104731,North West,65+,Savings,1.7
104732,East of England,25-34,Current,9.1
104733,Yorkshire and Humber,25-34,Savings,1.7
104734,North West,65+,Savings,7.5
104735,East of England,55-64,Current,15.4
104736,South East,65+,Savings,5.2
104737,South East,35-44,Savings,9.1
104738,East Midlands,65+,Current,10.1
104739,West Midlands,35-44,Savings,17.1
104740,London,55-64,Current,2.5
104741,West Midlands,65+,Current,11.1
104742,North West,25-34,Premier,0.7
104743,South East,25-34,Current,2.0
104744,North West,45-54,Current,4.5
104745,East Midlands,55-64,Current,14.4
104746,East Midlands,25-34,Premier,0.9
104747,London,55-64,Current,18.9
104748,London,35-44,Current,8.6
104749,East of England,35-44,Savings,16.8
104750,West Midlands,35-44,Savings,4.5
104751,West Midlands,65+,Current,6.8
104752,London,25-34,Premier,14.6
104753,Yorkshire and Humber,45-54,Current,7.6
104754,London,25-34,Savings,10.2
104755,East of England,65+,Current,16.2
104756,London,55-64,Current,13.1
104757,Yorkshire and Humber,25-34,Student,16.7
104758,Wales,35-44,Current,1.8
104759,East Midlands,35-44,Current,12.2
104760,North East,35-44,Current,12.1
104761,London,55-64,Current,12.2
104762,London,45-54,Student,11.8
104763,East of England,35-44,Current,14.5
104764,London,55-64,Premier,16.9
104765,London,35-44,Current,4.7
104766,North West,25-34,Premier,2.2
104767,South East,25-34,Savings,1.6
104768,London,35-44,Current,3.3
104769,North West,45-54,Current,13.2
104770,South East,25-34,Savings,8.4
104771,London,45-54,Current,7.1
104772,Yorkshire and Humber,25-34,Current,18.2
104773,East Midlands,55-64,Savings,18.0
104774,London,18-24,Premier,10.8
104775,East Midlands,35-44,Savings,9.2
104776,East Midlands,18-24,Student,5.5
104777,London,35-44,Current,9.3
104778,East Midlands,18-24,Savings,8.3
104779,North West,35-44,Current,0.2
104780,South East,55-64,Savings,15.2
104781,North West,25-34,Savings,8.8
104782,Wales,55-64,Current,4.5
104783,East of England,45-54,Premier,13.4
104784,London,45-54,Current,9.0
104785,North East,45-54,Current,6.3
104786,East of England,35-44,Current,4.7
104787,North West,55-64,Current,1.3
104788,South East,55-64,Current,10.1
104789,West Midlands,55-64,Premier,7.6
104790,South East,25-34,Current,0.9
104791,London,45-54,Savings,16.3
104792,East Midlands,25-34,Current,16.2
104793,North West,45-54,Student,9.9
104794,North East,18-24,Savings,16.8
104795,North West,25-34,Current,9.7
104796,West Midlands,45-54,Current,3.5
104797,West Midlands,65+,Savings,10.4
104798,London,18-24,Current,6.3
104799,South West,45-54,Current,9.1
104800,South East,45-54,Current,19.4
104801,London,65+,Current,7.2
104802,West Midlands,45-54,Premier,4.4
104803,East Midlands,25-34,Premier,2.7
104804,London,25-34,Savings,17.7
104805,South West,45-54,Current,0.4
104806,South East,25-34,Premier,18.2
104807,Yorkshire and Humber,65+,Savings,1.3
104808,London,65+,Premier,15.1
104809,London,65+,Current,5.9
104810,London,35-44,Current,5.1
104811,London,55-64,Savings,3.7
104812,South East,45-54,Premier,2.8
104813,London,18-24,Current,1.4
104814,North East,25-34,Current,3.2
104815,Yorkshire and Humber,25-34,Current,11.8
104816,East Midlands,35-44,Premier,11.4
104817,North West,65+,Savings,5.7
104818,London,55-64,Premier,13.6
104819,London,35-44,Savings,15.4
104820,London,45-54,Student,19.6
104821,South East,25-34,Current,8.9
104822,North West,35-44,Current,7.6
104823,South East,18-24,Savings,19.5
104824,South East,45-54,Current,18.8
104825,Yorkshire and Humber,45-54,Current,18.5
104826,Yorkshire and Humber,55-64,Current,12.2
104827,West Midlands,65+,Savings,12.4
104828,Yorkshire and Humber,25-34,Savings,18.6
104829,South West,55-64,Current,9.6
104830,East of England,25-34,Premier,4.3
104831,London,35-44,Current,19.7
104832,North West,45-54,Current,16.9
104833,South East,18-24,Current,1.2
104834,South East,25-34,Current,2.3
104835,Yorkshire and Humber,35-44,Current,17.7
104836,South West,25-34,Savings,6.1
104837,East Midlands,65+,Savings,14.0
104838,East Midlands,35-44,Current,2.4
104839,West Midlands,45-54,Student,3.5
104840,West Midlands,65+,Premier,15.0
104841,East of England,45-54,Current,19.6
104842,Yorkshire and Humber,35-44,Current,10.1
104843,North West,65+,Current,1.0
104844,Yorkshire and Humber,25-34,Savings,4.8
104845,Yorkshire and Humber,25-34,Current,4.3
104846,North West,45-54,Savings,18.7
104847,West Midlands,35-44,Savings,8.4
104848,South East,55-64,Current,19.0
104849,West Midlands,18-24,Current,17.2
104850,South East,45-54,Current,9.1
104851,West Midlands,55-64,Current,0.6
104852,South East,65+,Savings,19.5
104853,South West,25-34,Savings,0.3
104854,West Midlands,25-34,Savings,17.1
104855,East Midlands,65+,Savings,8.3
104856,North East,45-54,Current,6.1
104857,London,18-24,Current,8.2
104858,London,25-34,Current,7.2
104859,East Midlands,55-64,Current,13.8
104860,North West,45-54,Current,11.5
104861,London,45-54,Current,5.2
104862,East of England,65+,Savings,10.6
104863,North West,25-34,Current,8.2
104864,South East,25-34,Current,18.4
104865,South East,45-54,Current,17.9
104866,West Midlands,65+,Current,12.4
104867,North West,25-34,Current,19.3
104868,North West,45-54,Current,7.6
104869,London,25-34,Current,1.9
104870,London,25-34,Premier,1.0
104871,London,65+,Current,16.7
104872,North West,25-34,Current,7.7
104873,South East,18-24,Current,17.2
104874,London,55-64,Current,9.2
104875,London,35-44,Current,0.3
104876,London,35-44,Current,10.6
104877,North West,55-64,Student,11.9
104878,South East,25-34,Premier,9.1
104879,Yorkshire and Humber,45-54,Savings,16.8
104880,Yorkshire and Humber,35-44,Current,12.9
104881,West Midlands,25-34,Current,7.4
104882,London,45-54,Current,14.4
104883,London,35-44,Savings,6.5
104884,Yorkshire and Humber,65+,Current,16.8
104885,East of England,65+,Savings,5.7
104886,South West,55-64,Current,13.4
104887,West Midlands,35-44,Current,8.4
104888,South East,25-34,Current,2.1
104889,Yorkshire and Humber,65+,Current,12.6
104890,Wales,35-44,Savings,7.7
104891,North West,55-64,Current,12.7
104892,North West,55-64,Current,10.8
104893,London,35-44,Current,0.9
104894,North West,25-34,Student,4.2
104895,South East,45-54,Current,14.0
104896,London,45-54,Current,9.4
104897,North West,35-44,Current,9.4
104898,London,45-54,Current,0.1
104899,East of England,55-64,Savings,6.1
104900,South West,35-44,Current,13.4
104901,London,25-34,Current,17.8
104902,North West,55-64,Current,11.5
104903,West Midlands,55-64,Current,10.9
104904,East of England,65+,Savings,9.5
104905,South East,25-34,Current,13.6
104906,London,65+,Current,16.0
104907,East of England,55-64,Savings,4.5
104908,West Midlands,55-64,Student,14.3
104909,South East,35-44,Current,5.0
104910,North West,18-24,Savings,0.7
104911,West Midlands,45-54,Current,1.6
104912,London,35-44,Savings,1.0
104913,Yorkshire and Humber,35-44,Current,5.7
104914,North East,65+,Savings,2.6
104915,North West,25-34,Current,1.8
104916,South West,65+,Current,3.0
104917,South East,45-54,Student,0.9
104918,South East,55-64,Current,6.9
104919,East of England,35-44,Current,16.5
104920,Yorkshire and Humber,45-54,Current,11.1
104921,Yorkshire and Humber,45-54,Current,1.4
104922,West Midlands,65+,Current,7.6
104923,North West,25-34,Current,8.7
104924,East of England,25-34,Current,3.5
104925,London,65+,Savings,7.5
104926,Yorkshire and Humber,25-34,Premier,6.8
104927,North West,45-54,Current,9.9
104928,London,18-24,Current,14.0
104929,South East,25-34,Current,9.6
104930,North West,45-54,Current,1.6
104931,South East,45-54,Savings,1.2
104932,London,45-54,Student,17.8
104933,South West,35-44,Savings,13.9
104934,North West,55-64,Premier,13.2
104935,London,65+,Current,18.3
104936,West Midlands,35-44,Savings,10.9
104937,Yorkshire and Humber,35-44,Current,1.6
104938,South East,35-44,Premier,14.3
104939,London,55-64,Current,3.3
104940,West Midlands,35-44,Current,13.4
104941,East of England,45-54,Savings,8.1
104942,East Midlands,35-44,Current,0.7
104943,London,45-54,Premier,1.2
104944,Wales,55-64,Savings,7.9
104945,London,45-54,Student,11.9
104946,South West,35-44,Current,3.5
104947,London,25-34,Current,2.2
104948,South West,45-54,Savings,7.6
104949,South East,25-34,Current,16.1
104950,South East,55-64,Current,15.7
104951,North West,35-44,Premier,13.7
104952,South East,25-34,Premier,8.6
104953,North West,25-34,Premier,8.9
104954,Wales,45-54,Current,4.6
104955,North West,65+,Current,2.8
104956,North West,35-44,Premier,0.4
104957,East of England,25-34,Current,17.2
104958,North West,35-44,Current,10.0
104959,Yorkshire and Humber,65+,Current,0.2
104960,South East,55-64,Student,10.6
104961,West Midlands,25-34,Current,5.2
104962,West Midlands,45-54,Current,8.6
104963,London,55-64,Current,13.5
104964,North West,55-64,Current,16.2
104965,North West,35-44,Savings,14.0
104966,East Midlands,55-64,Current,17.9
104967,Yorkshire and Humber,45-54,Current,4.8
104968,North West,25-34,Current,13.3
104969,East Midlands,18-24,Current,17.8
104970,London,35-44,Current,6.2
104971,London,18-24,Premier,16.0
104972,East Midlands,35-44,Current,18.8
104973,North West,55-64,Current,12.9
104974,East of England,55-64,Current,3.4
104975,London,18-24,Premier,5.3
104976,Yorkshire and Humber,18-24,Savings,13.6
104977,London,45-54,Current,17.3
104978,West Midlands,45-54,Current,0.6
104979,South West,25-34,Current,6.6
104980,East of England,55-64,Savings,4.7
104981,East of England,25-34,Premier,8.5
104982,North West,25-34,Savings,15.4
104983,North West,55-64,Student,10.1
104984,West Midlands,45-54,Current,10.4
104985,North West,35-44,Current,12.2
104986,Yorkshire and Humber,55-64,Savings,10.4
104987,London,65+,Savings,13.8
104988,West Midlands,18-24,Current,2.2
104989,East of England,45-54,Current,0.6
104990,West Midlands,25-34,Current,16.6
104991,East Midlands,35-44,Current,9.6
104992,East of England,35-44,Student,6.0
104993,South East,35-44,Current,9.1
104994,Yorkshire and Humber,25-34,Savings,13.0
104995,London,55-64,Current,2.5
104996,North West,35-44,Savings,10.5
104997,West Midlands,65+,Premier,2.3
104998,London,35-44,Savings,17.2
104999,Yorkshire and Humber,55-64,Savings,11.3
105000,London,45-54,Current,16.2
105001,North West,35-44,Current,14.4
105002,South East,55-64,Savings,16.3
105003,South East,55-64,Savings,6.9
105004,West Midlands,35-44,Savings,2.9
105005,East Midlands,35-44,Savings,17.8
105006,London,45-54,Current,17.7
105007,South East,45-54,Current,17.7
105008,South East,35-44,Premier,19.8
105009,South East,55-64,Current,12.0
105010,Yorkshire and Humber,35-44,Savings,10.3
105011,North West,35-44,Current,16.0
105012,London,45-54,Premier,2.3
105013,West Midlands,65+,Student,15.7
105014,South East,25-34,Current,16.3
105015,West Midlands,25-34,Student,11.6
105016,North West,25-34,Current,7.8
105017,London,45-54,Current,13.2
105018,London,35-44,Student,18.3
105019,London,35-44,Current,3.2
105020,London,25-34,Current,6.3
105021,East of England,65+,Savings,13.5
105022,South West,35-44,Premier,16.7
105023,East of England,45-54,Current,13.1
105024,London,25-34,Savings,11.9
105025,London,25-34,Current,1.8
105026,London,18-24,Current,8.7
105027,London,35-44,Savings,17.8
105028,North West,35-44,Current,7.3
105029,London,25-34,Savings,7.7
105030,East Midlands,35-44,Savings,7.2
105031,East Midlands,18-24,Premier,7.3
105032,East of England,35-44,Savings,8.2
105033,East Midlands,25-34,Current,15.5
105034,London,25-34,Savings,9.2
105035,London,18-24,Savings,12.2
105036,West Midlands,55-64,Current,8.9
105037,East of England,65+,Current,17.5
105038,West Midlands,45-54,Savings,3.7
105039,East of England,25-34,Current,2.5
105040,South East,65+,Current,8.2
105041,North West,65+,Current,19.5
105042,West Midlands,35-44,Current,14.0
105043,North West,25-34,Student,12.4
105044,Yorkshire and Humber,55-64,Current,7.9
105045,North West,65+,Savings,6.0
105046,Wales,55-64,Savings,19.1
105047,North West,45-54,Current,8.6
105048,South West,45-54,Current,14.3
105049,West Midlands,65+,Current,16.2
105050,Wales,25-34,Current,13.2
105051,North West,25-34,Current,4.7
105052,Yorkshire and Humber,55-64,Current,5.8
105053,London,25-34,Savings,0.6
105054,West Midlands,35-44,Current,19.4
105055,South West,35-44,Current,16.7
105056,North West,25-34,Current,8.1
105057,London,18-24,Student,17.9
105058,London,45-54,Current,3.2
105059,London,35-44,Savings,0.9
105060,East Midlands,45-54,Current,2.8
105061,West Midlands,35-44,Premier,17.7
105062,West Midlands,65+,Current,3.3
105063,North West,45-54,Current,1.5
105064,West Midlands,65+,Current,3.8
105065,East of England,35-44,Current,8.4
105066,London,18-24,Savings,10.0
105067,London,55-64,Current,4.8
105068,Yorkshire and Humber,55-64,Current,16.1
105069,North West,18-24,Current,19.2
105070,London,45-54,Savings,5.9
105071,North West,45-54,Student,18.6
105072,Yorkshire and Humber,25-34,Current,16.4
105073,London,45-54,Student,17.7
105074,London,25-34,Savings,1.3
105075,Wales,18-24,Current,16.7
105076,North West,65+,Current,11.8
105077,London,45-54,Current,0.9
105078,West Midlands,55-64,Current,15.1
105079,Yorkshire and Humber,55-64,Savings,4.9
105080,South East,65+,Current,16.0
105081,West Midlands,35-44,Current,12.6
105082,London,35-44,Savings,9.9
105083,Yorkshire and Humber,35-44,Current,0.6
105084,East Midlands,45-54,Student,17.8
105085,North East,35-44,Savings,3.0
105086,Yorkshire and Humber,55-64,Current,16.6
105087,South West,35-44,Current,13.8
105088,Yorkshire and Humber,25-34,Current,1.5
105089,North East,65+,Premier,10.9
105090,North West,55-64,Current,19.2
105091,Yorkshire and Humber,35-44,Student,18.5
105092,South East,55-64,Premier,3.0
105093,Yorkshire and Humber,45-54,Current,3.5
105094,Yorkshire and Humber,55-64,Savings,3.2
105095,Wales,35-44,Current,15.1
105096,London,45-54,Current,3.3
105097,South East,18-24,Premier,1.4
105098,London,25-34,Current,7.9
105099,South West,55-64,Student,19.3
105100,East of England,35-44,Savings,6.2
105101,London,18-24,Current,14.5
105102,North West,25-34,Current,3.0
105103,East Midlands,35-44,Current,12.5
105104,London,55-64,Current,11.7
105105,South West,35-44,Savings,18.1
105106,London,55-64,Current,14.4
105107,West Midlands,55-64,Premier,2.5
105108,North West,35-44,Current,8.2
105109,London,55-64,Current,0.1
105110,South West,25-34,Current,4.9
105111,West Midlands,35-44,Current,19.4
105112,London,25-34,Current,9.2
105113,South East,18-24,Current,17.4
105114,North East,18-24,Savings,0.6
105115,West Midlands,25-34,Current,17.6
105116,East of England,55-64,Current,17.8
105117,London,45-54,Current,13.1
105118,South East,65+,Current,2.4
105119,East Midlands,45-54,Current,17.5
105120,London,45-54,Savings,18.0
105121,London,25-34,Current,4.1
105122,North West,45-54,Current,18.8
105123,London,35-44,Current,17.6
105124,London,65+,Current,4.2
105125,London,65+,Premier,7.9
105126,East Midlands,25-34,Student,6.8
105127,London,45-54,Savings,10.0
105128,North West,45-54,Current,17.8
105129,East of England,45-54,Current,17.5
105130,Wales,25-34,Current,3.6
105131,North West,45-54,Savings,11.1
105132,West Midlands,55-64,Current,10.7
105133,North West,35-44,Current,9.1
105134,London,45-54,Current,14.3
105135,East of England,25-34,Savings,13.0
105136,London,65+,Current,5.6
105137,East Midlands,25-34,Current,7.0
105138,East Midlands,25-34,Premier,17.8
105139,North West,35-44,Current,6.6
105140,South West,55-64,Premier,8.9
105141,London,55-64,Current,19.5
105142,London,18-24,Premier,17.2
105143,North West,25-34,Premier,14.0
105144,East of England,55-64,Current,6.2
105145,Yorkshire and Humber,35-44,Savings,12.6
105146,South West,18-24,Current,12.9
105147,East of England,65+,Current,8.3
105148,London,25-34,Current,0.8
105149,East of England,45-54,Current,7.4
105150,North West,25-34,Current,10.2
105151,South East,55-64,Current,19.0
105152,East Midlands,55-64,Premier,14.6
105153,London,35-44,Student,2.2
105154,North West,45-54,Current,6.1
105155,East Midlands,65+,Current,10.5
105156,East Midlands,55-64,Current,9.1
105157,North West,35-44,Current,0.2
105158,London,35-44,Premier,18.7
105159,London,65+,Premier,18.1
105160,North West,18-24,Current,18.5
105161,Wales,18-24,Current,8.6
105162,North East,25-34,Current,16.7
105163,West Midlands,55-64,Current,14.2
105164,Yorkshire and Humber,25-34,Current,10.3
105165,London,35-44,Current,1.6
105166,South East,45-54,Current,3.4
105167,Yorkshire and Humber,25-34,Current,4.8
105168,South East,35-44,Student,17.9
105169,West Midlands,35-44,Savings,13.3
105170,Yorkshire and Humber,25-34,Current,19.7
105171,South East,65+,Current,11.4
105172,London,25-34,Savings,1.8
105173,South West,55-64,Current,9.6
105174,East Midlands,35-44,Student,2.3
105175,West Midlands,25-34,Current,18.0
105176,East Midlands,25-34,Premier,5.6
105177,West Midlands,45-54,Current,4.0
105178,East Midlands,35-44,Savings,10.3
105179,London,25-34,Current,16.2
105180,London,65+,Savings,10.3
105181,South East,35-44,Current,0.9
105182,Yorkshire and Humber,65+,Current,14.9
105183,East Midlands,25-34,Savings,0.8
105184,South East,25-34,Current,12.1
105185,East Midlands,45-54,Current,12.4
105186,East of England,25-34,Current,4.2
105187,East Midlands,25-34,Savings,9.0
105188,London,25-34,Student,0.2
105189,East of England,25-34,Current,5.7
105190,London,55-64,Savings,12.4
105191,London,35-44,Premier,5.8
105192,South East,65+,Savings,1.0
105193,West Midlands,25-34,Current,13.5
105194,South East,35-44,Current,14.9
105195,East of England,35-44,Current,17.3
105196,Wales,45-54,Current,17.5
105197,London,65+,Current,10.0
105198,Yorkshire and Humber,55-64,Savings,8.2
105199,South East,18-24,Current,11.8
105200,London,35-44,Savings,15.9
105201,North West,55-64,Current,9.6
105202,West Midlands,18-24,Current,19.9
105203,West Midlands,45-54,Savings,12.8
105204,London,25-34,Current,6.2
105205,West Midlands,35-44,Premier,15.9
105206,East Midlands,35-44,Current,3.1
105207,East Midlands,35-44,Current,18.7
105208,East of England,65+,Savings,6.9
105209,East Midlands,45-54,Savings,13.7
105210,East Midlands,65+,Current,12.5
105211,London,55-64,Savings,2.0
105212,North West,35-44,Current,14.5
105213,North East,45-54,Current,6.3
105214,East of England,35-44,Current,7.7
105215,Yorkshire and Humber,55-64,Savings,2.0
105216,London,25-34,Savings,16.2
105217,Yorkshire and Humber,65+,Current,17.2
105218,East Midlands,45-54,Savings,2.8
105219,North West,45-54,Savings,16.3
105220,West Midlands,45-54,Current,18.0
105221,West Midlands,45-54,Current,2.0
105222,London,45-54,Current,19.9
105223,West Midlands,45-54,Current,0.2
105224,West Midlands,25-34,Premier,16.9
105225,London,45-54,Savings,11.2
105226,London,35-44,Current,19.1
105227,West Midlands,45-54,Current,6.8
105228,East Midlands,45-54,Current,7.3
105229,West Midlands,25-34,Current,16.8
105230,North West,55-64,Current,14.2
105231,South West,35-44,Current,12.1
105232,East of England,45-54,Current,12.9
105233,Yorkshire and Humber,45-54,Current,13.7
105234,Yorkshire and Humber,45-54,Current,1.1
105235,South East,55-64,Current,2.4
105236,London,25-34,Current,3.7
105237,West Midlands,25-34,Current,3.6
105238,West Midlands,45-54,Current,16.9
105239,London,25-34,Current,8.0
105240,London,25-34,Premier,9.8
105241,West Midlands,25-34,Current,1.9
105242,North West,35-44,Current,17.4
105243,North West,65+,Current,0.3
105244,North West,25-34,Current,1.8
105245,London,35-44,Current,16.3
105246,South East,65+,Savings,2.7
105247,London,65+,Premier,15.9
105248,West Midlands,25-34,Current,7.1
105249,West Midlands,65+,Current,15.5
105250,South West,25-34,Savings,1.1
105251,London,55-64,Current,6.9
105252,East Midlands,18-24,Current,9.7
105253,North West,35-44,Student,12.6
105254,South West,25-34,Current,16.7
105255,South East,55-64,Current,5.0
105256,East of England,18-24,Current,13.2
105257,London,35-44,Current,3.1
105258,Yorkshire and Humber,55-64,Premier,15.9
105259,Yorkshire and Humber,18-24,Current,18.7
105260,West Midlands,65+,Current,1.0
105261,South East,35-44,Current,1.7
105262,London,25-34,Current,15.8
105263,West Midlands,25-34,Current,17.6
105264,East of England,35-44,Current,13.0
105265,Yorkshire and Humber,25-34,Current,9.3
105266,East Midlands,45-54,Current,15.4
105267,North West,45-54,Savings,6.1
105268,East of England,35-44,Current,19.8
105269,East of England,35-44,Premier,17.0
105270,London,55-64,Current,17.8
105271,North East,35-44,Current,17.1
105272,East of England,45-54,Premier,18.7
105273,South West,65+,Student,1.4
105274,East of England,25-34,Current,18.2
105275,Yorkshire and Humber,45-54,Current,5.0
105276,South East,65+,Student,7.2
105277,London,45-54,Current,7.5
105278,South East,65+,Current,4.7
105279,West Midlands,35-44,Current,8.8
105280,South East,45-54,Savings,10.2
105281,North East,35-44,Current,3.1
105282,North West,18-24,Current,7.3
105283,Wales,65+,Premier,7.0
105284,Yorkshire and Humber,25-34,Current,13.5
105285,West Midlands,65+,Savings,11.7
105286,West Midlands,45-54,Current,14.4
105287,South West,65+,Savings,15.7
105288,London,65+,Current,13.4
105289,North West,45-54,Current,4.9
105290,London,65+,Current,10.1
105291,Yorkshire and Humber,55-64,Student,9.4
105292,London,45-54,Current,1.6
105293,East of England,45-54,Current,17.9
105294,South East,25-34,Current,1.9
105295,South East,18-24,Savings,19.5
105296,London,25-34,Savings,0.7
105297,Wales,35-44,Current,14.6
105298,North West,25-34,Current,5.8
105299,North West,45-54,Savings,18.1
105300,West Midlands,45-54,Current,16.5
105301,London,45-54,Current,0.6
105302,London,65+,Current,0.5
105303,South East,65+,Current,12.1
105304,Yorkshire and Humber,65+,Premier,3.1
105305,East Midlands,45-54,Current,0.4
105306,London,25-34,Current,19.4
105307,Wales,65+,Savings,12.7
105308,North West,25-34,Current,0.3
105309,West Midlands,25-34,Premier,9.9
105310,North West,35-44,Current,3.2
105311,Yorkshire and Humber,45-54,Premier,16.1
105312,North West,45-54,Student,0.7
105313,Yorkshire and Humber,18-24,Student,7.5
105314,London,55-64,Current,4.8
105315,Yorkshire and Humber,25-34,Student,19.6
105316,Yorkshire and Humber,35-44,Savings,1.7
105317,East Midlands,35-44,Current,14.4
105318,East of England,35-44,Current,9.6
105319,Yorkshire and Humber,55-64,Savings,16.3
105320,North West,18-24,Premier,4.4
105321,East Midlands,25-34,Savings,17.1
105322,London,18-24,Current,19.0
105323,East of England,55-64,Savings,4.3
105324,East Midlands,65+,Current,4.9
105325,West Midlands,45-54,Current,19.3
105326,West Midlands,45-54,Savings,8.7
105327,London,65+,Current,16.7
105328,East of England,25-34,Savings,16.9
105329,London,18-24,Current,6.3
105330,Yorkshire and Humber,45-54,Current,3.7
105331,South East,25-34,Savings,7.4
105332,South East,35-44,Current,11.9
105333,North West,35-44,Premier,10.0
105334,West Midlands,35-44,Premier,14.8
105335,Yorkshire and Humber,35-44,Student,11.0
105336,South East,35-44,Student,16.1
105337,South East,25-34,Current,2.2
105338,South East,65+,Current,8.8
105339,South West,55-64,Savings,0.4
105340,North West,18-24,Current,2.5
105341,Yorkshire and Humber,25-34,Student,6.7
105342,East Midlands,25-34,Current,18.0
105343,East of England,18-24,Student,7.7
105344,London,18-24,Current,5.5
105345,North West,25-34,Student,13.4
105346,East Midlands,55-64,Current,14.1
105347,South East,55-64,Current,9.7
105348,South East,55-64,Premier,5.8
105349,South East,45-54,Current,6.1
105350,West Midlands,55-64,Current,3.8
105351,East of England,55-64,Current,7.3
105352,South East,65+,Current,3.4
105353,South East,55-64,Current,12.9
105354,South East,55-64,Savings,17.9
105355,East of England,55-64,Current,5.2
105356,East of England,45-54,Current,4.9
105357,London,25-34,Student,18.0
105358,Yorkshire and Humber,25-34,Savings,11.4
105359,Yorkshire and Humber,35-44,Current,14.6
105360,South West,25-34,Current,17.8
105361,London,25-34,Current,13.3
105362,East Midlands,18-24,Savings,14.9
105363,West Midlands,35-44,Savings,7.8
105364,East of England,65+,Savings,18.8
105365,East of England,35-44,Savings,14.1
105366,North East,25-34,Student,1.5
105367,Yorkshire and Humber,35-44,Current,11.9
105368,South West,35-44,Current,2.0
105369,South West,45-54,Current,10.5
105370,North West,45-54,Premier,1.9
105371,West Midlands,18-24,Current,12.6
105372,Wales,45-54,Current,9.2
105373,East Midlands,18-24,Savings,11.1
105374,London,45-54,Current,13.0
105375,South East,65+,Current,5.1
105376,South East,65+,Savings,6.5
105377,North West,25-34,Premier,9.7
105378,South East,55-64,Current,11.4
105379,North West,55-64,Current,18.5
105380,South West,65+,Premier,7.1
105381,North West,25-34,Savings,11.9
105382,South East,35-44,Current,18.5
105383,South West,25-34,Current,14.4
105384,West Midlands,18-24,Current,6.6
105385,North West,45-54,Current,8.4
105386,South East,35-44,Current,17.6
105387,East Midlands,25-34,Savings,8.8
105388,West Midlands,55-64,Savings,5.1
105389,London,45-54,Savings,10.5
105390,North East,65+,Current,3.8
105391,London,55-64,Current,11.7
105392,Yorkshire and Humber,65+,Savings,19.8
105393,Wales,55-64,Current,19.4
105394,London,25-34,Current,12.3
105395,London,18-24,Current,17.7
105396,Yorkshire and Humber,65+,Current,16.3
105397,North West,25-34,Current,19.0
105398,North West,35-44,Current,17.5
105399,South East,45-54,Student,18.0
105400,East Midlands,25-34,Current,4.7
105401,South East,25-34,Current,3.2
105402,West Midlands,35-44,Current,1.0
105403,Yorkshire and Humber,35-44,Current,13.2
105404,West Midlands,45-54,Current,18.7
105405,London,25-34,Current,19.9
105406,South East,35-44,Current,17.1
105407,Yorkshire and Humber,25-34,Current,16.6
105408,West Midlands,45-54,Premier,10.4
105409,North West,25-34,Current,9.1
105410,South West,25-34,Current,12.8
105411,North West,55-64,Premier,0.6
105412,South East,25-34,Savings,15.9
105413,Yorkshire and Humber,55-64,Savings,13.2
105414,West Midlands,35-44,Current,3.5
105415,South East,25-34,Student,12.8
105416,London,35-44,Current,12.0
105417,East Midlands,65+,Savings,15.8
105418,North East,35-44,Savings,16.8
105419,West Midlands,25-34,Current,5.1
105420,Yorkshire and Humber,45-54,Premier,16.3
105421,Yorkshire and Humber,35-44,Premier,3.7
105422,London,55-64,Current,7.9
105423,South West,65+,Current,9.9
105424,East Midlands,45-54,Savings,16.1
105425,North East,35-44,Current,18.0
105426,London,35-44,Current,0.4
105427,North East,65+,Current,14.8
105428,South West,35-44,Savings,17.6
105429,East of England,25-34,Premier,19.1
105430,London,65+,Current,5.4
105431,Yorkshire and Humber,65+,Savings,3.5
105432,London,35-44,Student,10.0
105433,South East,35-44,Current,18.0
105434,Yorkshire and Humber,45-54,Current,6.4
105435,South East,55-64,Current,10.2
105436,West Midlands,45-54,Savings,19.9
105437,South West,35-44,Current,9.2
105438,West Midlands,35-44,Current,12.6
105439,North East,35-44,Current,19.9
105440,West Midlands,25-34,Current,7.4
105441,West Midlands,55-64,Current,5.5
105442,South West,25-34,Savings,5.7
105443,South West,35-44,Current,12.4
105444,South East,55-64,Savings,3.3
105445,North East,35-44,Savings,3.4
105446,North West,35-44,Student,5.3
105447,South West,65+,Current,10.9
105448,Yorkshire and Humber,25-34,Current,16.9
105449,London,65+,Savings,10.6
105450,London,18-24,Current,15.7
105451,East Midlands,35-44,Current,19.2
105452,London,45-54,Current,14.8
105453,South East,35-44,Current,12.9
105454,West Midlands,45-54,Current,0.3
105455,North East,25-34,Premier,9.0
105456,London,45-54,Savings,5.4
105457,West Midlands,25-34,Savings,10.3
105458,London,55-64,Premier,19.0
105459,West Midlands,45-54,Savings,6.5
105460,East Midlands,35-44,Current,3.3
105461,South East,18-24,Current,16.5
105462,West Midlands,45-54,Savings,19.8
105463,West Midlands,45-54,Current,15.6
105464,South East,25-34,Premier,2.9
105465,East Midlands,45-54,Current,11.1
105466,South West,25-34,Current,8.2
105467,South West,25-34,Savings,12.7
105468,West Midlands,55-64,Student,13.4
105469,London,25-34,Student,16.2
105470,West Midlands,25-34,Current,4.9
105471,London,45-54,Current,19.3
105472,East Midlands,55-64,Savings,4.4
105473,North East,18-24,Premier,2.6
105474,West Midlands,25-34,Current,16.6
105475,South East,35-44,Current,9.3
105476,West Midlands,45-54,Current,9.9
105477,West Midlands,35-44,Savings,6.4
105478,London,45-54,Current,1.0
105479,London,55-64,Premier,4.0
105480,Wales,65+,Current,15.3
105481,East Midlands,35-44,Savings,4.6
105482,East Midlands,25-34,Savings,19.9
105483,Yorkshire and Humber,25-34,Current,15.7
105484,Yorkshire and Humber,25-34,Current,17.0
105485,East of England,35-44,Current,17.5
105486,East of England,65+,Savings,14.4
105487,East of England,35-44,Savings,9.4
105488,West Midlands,25-34,Current,18.3
105489,Yorkshire and Humber,45-54,Current,8.6
105490,South East,65+,Premier,2.0
105491,North West,25-34,Current,12.0
105492,South East,55-64,Current,2.2
105493,North West,55-64,Premier,13.1
105494,North West,35-44,Premier,20.0
105495,East of England,45-54,Current,13.5
105496,North West,35-44,Current,4.3
105497,North East,25-34,Current,2.8
105498,North West,35-44,Current,7.2
105499,East Midlands,25-34,Savings,3.0
105500,North West,55-64,Current,11.4
105501,West Midlands,55-64,Current,15.7
105502,London,35-44,Current,13.2
105503,West Midlands,45-54,Savings,12.4
105504,London,25-34,Savings,8.8
105505,East of England,25-34,Current,3.5
105506,Yorkshire and Humber,45-54,Current,12.8
105507,West Midlands,25-34,Current,8.4
105508,Yorkshire and Humber,55-64,Savings,6.2
105509,South West,35-44,Savings,13.2
105510,London,55-64,Student,7.6
105511,West Midlands,35-44,Premier,3.4
105512,London,35-44,Current,9.7
105513,London,55-64,Student,5.9
105514,North West,45-54,Current,14.7
105515,West Midlands,25-34,Current,1.0
105516,Wales,55-64,Current,17.1
105517,West Midlands,35-44,Savings,9.3
105518,West Midlands,25-34,Savings,0.4
105519,West Midlands,35-44,Current,2.8
105520,London,45-54,Student,18.9
105521,London,45-54,Student,10.8
105522,North West,55-64,Premier,15.4
105523,Yorkshire and Humber,45-54,Current,17.7
105524,South East,25-34,Premier,6.5
105525,North West,25-34,Savings,11.0
105526,East of England,25-34,Savings,13.0
105527,North West,55-64,Current,16.8
105528,West Midlands,25-34,Student,8.5
105529,North East,45-54,Savings,19.0
105530,South West,45-54,Current,12.2
105531,Yorkshire and Humber,55-64,Premier,17.5
105532,South West,25-34,Current,1.8
105533,London,25-34,Savings,9.3
105534,Yorkshire and Humber,65+,Current,3.7
105535,South West,45-54,Current,18.2
105536,South East,35-44,Current,4.8
105537,North West,55-64,Current,14.3
105538,London,65+,Current,1.4
105539,Yorkshire and Humber,25-34,Current,4.1
105540,East Midlands,65+,Current,6.5
105541,North East,25-34,Savings,15.7
105542,London,65+,Current,5.1
105543,London,25-34,Current,16.4
105544,London,25-34,Current,15.8
105545,London,25-34,Current,19.8
105546,North West,55-64,Current,13.6
105547,Wales,65+,Premier,12.8
105548,London,35-44,Current,12.1
105549,South East,35-44,Current,2.3
105550,London,35-44,Current,10.3
105551,North West,25-34,Current,17.0
105552,East Midlands,55-64,Savings,0.5
105553,Yorkshire and Humber,18-24,Premier,2.6
105554,West Midlands,65+,Current,12.1
105555,South East,65+,Current,17.0
105556,East of England,25-34,Savings,6.2
105557,North West,45-54,Current,17.4
105558,Yorkshire and Humber,65+,Current,6.8
105559,South East,55-64,Savings,9.4
105560,West Midlands,55-64,Current,19.1
105561,East of England,18-24,Current,8.4
105562,Yorkshire and Humber,18-24,Savings,12.0
105563,West Midlands,55-64,Current,18.7
105564,West Midlands,35-44,Current,5.4
105565,North East,45-54,Savings,1.9
105566,North West,55-64,Current,19.2
105567,South East,35-44,Current,11.2
105568,West Midlands,25-34,Savings,19.3
105569,West Midlands,35-44,Savings,17.3
105570,East of England,65+,Student,11.9
105571,West Midlands,35-44,Current,9.5
105572,East Midlands,18-24,Current,9.7
105573,London,65+,Savings,3.4
105574,East of England,45-54,Current,9.1
105575,North West,45-54,Savings,16.5
105576,West Midlands,55-64,Current,19.8
105577,Wales,35-44,Current,19.2
105578,South East,65+,Savings,19.2
105579,East of England,55-64,Savings,0.5
105580,South East,35-44,Current,10.4
105581,South East,35-44,Current,4.1
105582,Yorkshire and Humber,35-44,Savings,12.3
105583,North West,45-54,Premier,18.9
105584,South East,45-54,Current,17.5
105585,South East,45-54,Current,17.3
105586,North East,65+,Current,7.4
105587,London,35-44,Current,10.1
105588,North West,55-64,Current,5.7
105589,London,45-54,Student,11.1
105590,London,45-54,Current,6.1
105591,Yorkshire and Humber,18-24,Current,16.2
105592,South West,45-54,Current,9.3
105593,London,45-54,Current,14.0
105594,East Midlands,25-34,Current,17.5
105595,London,55-64,Current,6.1
105596,London,35-44,Current,12.5
105597,East of England,35-44,Savings,16.9
105598,Yorkshire and Humber,55-64,Current,19.0
105599,London,35-44,Current,3.3
105600,London,45-54,Student,13.7
105601,London,45-54,Current,8.8
105602,East Midlands,18-24,Current,5.8
105603,East of England,35-44,Student,3.2
105604,East of England,25-34,Current,11.7
105605,London,25-34,Current,6.7
105606,London,45-54,Savings,13.4
105607,East Midlands,18-24,Current,5.7
105608,London,65+,Premier,0.1
105609,Yorkshire and Humber,35-44,Current,15.4
105610,South East,35-44,Current,3.3
105611,East Midlands,65+,Current,5.1
105612,South East,35-44,Current,4.8
105613,North West,45-54,Current,6.9
105614,South East,55-64,Current,9.8
105615,London,65+,Current,16.3
105616,North West,25-34,Current,13.0
105617,London,25-34,Current,3.0
105618,South West,65+,Current,3.8
105619,London,18-24,Savings,17.0
105620,East Midlands,55-64,Current,5.1
105621,London,45-54,Savings,4.5
105622,North West,45-54,Current,0.2
105623,London,55-64,Current,15.5
105624,London,65+,Premier,14.8
105625,East Midlands,18-24,Premier,7.0
105626,London,45-54,Current,0.2
105627,South East,55-64,Current,15.7
105628,South East,35-44,Student,2.1
105629,East Midlands,65+,Current,9.3
105630,North West,35-44,Current,16.8
105631,Yorkshire and Humber,25-34,Current,5.0
105632,West Midlands,55-64,Current,7.7
105633,Yorkshire and Humber,65+,Savings,13.3
105634,East Midlands,25-34,Current,13.5
105635,West Midlands,55-64,Current,9.3
105636,South East,25-34,Current,8.7
105637,North West,18-24,Current,8.4
105638,South East,25-34,Savings,9.8
105639,East Midlands,55-64,Student,7.0
105640,London,25-34,Current,5.2
105641,Yorkshire and Humber,25-34,Savings,6.4
105642,South West,55-64,Current,9.6
105643,South West,35-44,Current,7.7
105644,Yorkshire and Humber,25-34,Current,11.8
105645,London,25-34,Current,12.7
105646,North West,55-64,Current,19.9
105647,London,45-54,Student,12.3
105648,East Midlands,55-64,Current,14.7
105649,London,25-34,Current,2.1
105650,West Midlands,35-44,Student,15.2
105651,East of England,55-64,Savings,10.2
105652,London,25-34,Current,17.3
105653,London,25-34,Current,19.4
105654,Yorkshire and Humber,35-44,Student,4.7
105655,North West,35-44,Current,18.6
105656,West Midlands,25-34,Current,13.5
105657,East of England,65+,Current,14.8
105658,South West,35-44,Current,9.5
105659,West Midlands,45-54,Savings,7.2
105660,South East,25-34,Savings,16.0
105661,Yorkshire and Humber,45-54,Current,0.5
105662,East Midlands,45-54,Premier,10.9
105663,London,65+,Current,1.6
105664,West Midlands,35-44,Current,5.2
105665,West Midlands,55-64,Current,14.5
105666,South East,35-44,Current,15.1
105667,North West,45-54,Current,17.8
105668,East of England,65+,Savings,14.3
105669,South East,45-54,Current,13.5
105670,South West,55-64,Current,18.9
105671,London,65+,Current,10.8
105672,East of England,65+,Current,13.1
105673,Yorkshire and Humber,25-34,Current,17.4
105674,London,25-34,Current,15.3
105675,London,45-54,Current,15.4
105676,East of England,65+,Student,10.8
105677,West Midlands,45-54,Savings,10.6
105678,London,35-44,Current,13.0
105679,South East,45-54,Current,14.0
105680,Yorkshire and Humber,18-24,Current,11.0
105681,East of England,25-34,Current,3.8
105682,Yorkshire and Humber,25-34,Savings,5.0
105683,West Midlands,18-24,Current,9.9
105684,London,55-64,Student,4.2
105685,Yorkshire and Humber,35-44,Current,8.5
105686,East Midlands,25-34,Premier,3.0
105687,East Midlands,45-54,Savings,3.0
105688,West Midlands,35-44,Savings,16.9
105689,South East,35-44,Premier,10.9
105690,East of England,35-44,Current,15.6
105691,London,18-24,Current,0.3
105692,West Midlands,45-54,Current,5.8
105693,London,25-34,Savings,0.5
105694,East of England,25-34,Student,0.2
105695,South East,25-34,Current,0.7
105696,North West,35-44,Savings,10.5
105697,West Midlands,25-34,Current,1.9
105698,East of England,35-44,Current,16.0
105699,East of England,25-34,Current,10.4
105700,East Midlands,18-24,Current,5.0
105701,South West,65+,Current,16.8
105702,West Midlands,35-44,Savings,10.2
105703,East Midlands,25-34,Current,7.1
105704,South East,45-54,Current,11.4
105705,London,25-34,Current,13.5
105706,Yorkshire and Humber,55-64,Current,11.2
105707,East of England,18-24,Savings,18.7
105708,South West,35-44,Student,7.1
105709,East Midlands,65+,Current,8.3
105710,London,25-34,Savings,17.2
105711,South East,25-34,Savings,12.8
105712,London,45-54,Savings,19.3
105713,Wales,65+,Current,15.9
105714,South East,35-44,Current,10.3
105715,West Midlands,45-54,Savings,12.7
105716,West Midlands,25-34,Current,8.2
105717,South West,45-54,Current,2.6
105718,Wales,25-34,Current,8.2
105719,West Midlands,45-54,Current,5.7
105720,West Midlands,25-34,Current,13.6
105721,South East,45-54,Student,13.4
105722,East Midlands,25-34,Current,18.8
105723,East Midlands,45-54,Current,1.7
105724,East of England,55-64,Premier,9.4
105725,South West,55-64,Current,8.0
105726,East of England,65+,Current,10.6
105727,South East,35-44,Student,2.5
105728,North West,45-54,Premier,9.9
105729,East of England,18-24,Savings,13.2
105730,North West,65+,Current,6.3
105731,North West,45-54,Current,13.0
105732,East of England,35-44,Savings,5.4
105733,South East,35-44,Student,7.4
105734,East of England,55-64,Current,18.2
105735,West Midlands,55-64,Student,0.6
105736,North East,55-64,Current,5.5
105737,London,45-54,Current,18.7
105738,South East,35-44,Current,3.0
105739,East of England,65+,Current,8.0
105740,Yorkshire and Humber,45-54,Premier,9.1
105741,South East,45-54,Current,13.1
105742,London,45-54,Savings,12.3
105743,South West,45-54,Current,12.6
105744,East of England,55-64,Savings,18.8
105745,South East,45-54,Current,7.9
105746,East Midlands,65+,Premier,9.8
105747,West Midlands,55-64,Current,19.3
105748,North East,35-44,Savings,2.7
105749,North East,25-34,Savings,19.0
105750,North East,45-54,Current,19.0
105751,East Midlands,45-54,Premier,19.1
105752,Yorkshire and Humber,45-54,Current,1.4
105753,South East,65+,Student,11.6
105754,South East,25-34,Current,16.8
105755,East Midlands,35-44,Savings,6.3
105756,London,65+,Premier,11.9
105757,West Midlands,65+,Student,5.2
105758,London,35-44,Current,2.7
105759,North West,25-34,Current,17.1
105760,East Midlands,35-44,Savings,19.6
105761,East Midlands,35-44,Current,1.5
105762,East of England,45-54,Premier,2.5
105763,South East,35-44,Current,11.8
105764,North East,35-44,Current,1.8
105765,London,45-54,Savings,12.7
105766,Yorkshire and Humber,45-54,Current,14.4
105767,Yorkshire and Humber,45-54,Current,8.4
105768,London,35-44,Current,15.1
105769,Yorkshire and Humber,35-44,Premier,2.4
105770,South East,35-44,Current,6.1
105771,South West,65+,Premier,16.2
105772,East of England,35-44,Current,1.9
105773,North West,45-54,Current,5.8
105774,London,45-54,Current,12.5
105775,North West,65+,Current,5.0
105776,East Midlands,35-44,Current,9.7
105777,South East,35-44,Current,16.8
105778,London,55-64,Current,5.5
105779,South East,25-34,Savings,8.8
105780,East Midlands,45-54,Current,0.5
105781,Wales,35-44,Current,14.2
105782,Wales,65+,Current,7.2
105783,London,55-64,Current,17.2
105784,East of England,18-24,Savings,1.9
105785,North West,55-64,Savings,15.7
105786,South East,55-64,Savings,16.3
105787,East of England,45-54,Current,15.5
105788,South West,25-34,Current,14.7
105789,South West,25-34,Savings,4.8
105790,London,45-54,Premier,8.4
105791,South West,35-44,Current,7.8
105792,South East,65+,Current,4.9
105793,West Midlands,25-34,Savings,9.9
105794,West Midlands,45-54,Premier,14.0
105795,South East,25-34,Current,9.6
105796,London,45-54,Current,19.5
105797,London,18-24,Savings,14.2
105798,East of England,35-44,Savings,8.9
105799,South East,25-34,Current,8.1
105800,Yorkshire and Humber,45-54,Current,11.7
105801,Yorkshire and Humber,35-44,Current,8.7
105802,London,55-64,Savings,4.5
105803,South East,25-34,Savings,10.5
105804,London,45-54,Current,13.5
105805,London,45-54,Current,7.2
105806,South East,18-24,Savings,5.7
105807,South East,18-24,Current,4.4
105808,South West,35-44,Current,7.3
105809,East Midlands,45-54,Current,5.0
105810,South East,65+,Current,15.3
105811,London,25-34,Savings,12.8
105812,East Midlands,55-64,Current,5.8
105813,South East,55-64,Savings,19.8
105814,South East,45-54,Savings,12.9
105815,London,45-54,Current,2.9
105816,South West,65+,Student,16.6
105817,North West,45-54,Current,15.1
105818,West Midlands,55-64,Savings,10.1
105819,Yorkshire and Humber,25-34,Current,4.7
105820,Yorkshire and Humber,55-64,Premier,16.2
105821,South East,65+,Current,2.6
105822,South West,65+,Current,8.4
105823,South East,35-44,Current,16.4
105824,West Midlands,55-64,Current,16.0
105825,Yorkshire and Humber,25-34,Current,12.6
105826,West Midlands,45-54,Current,0.3
105827,South East,35-44,Current,6.7
105828,North West,45-54,Current,17.1
105829,London,35-44,Savings,14.5
105830,South West,18-24,Current,16.2
105831,South East,25-34,Current,1.4
105832,North West,18-24,Premier,18.8
105833,Yorkshire and Humber,35-44,Savings,4.7
105834,South East,55-64,Current,6.7
105835,London,55-64,Current,16.8
105836,West Midlands,55-64,Current,8.2
105837,East of England,55-64,Current,12.9
105838,London,35-44,Student,11.1
105839,London,45-54,Current,17.3
105840,West Midlands,45-54,Premier,3.2
105841,Yorkshire and Humber,25-34,Savings,2.0
105842,Yorkshire and Humber,45-54,Premier,12.7
105843,North West,55-64,Current,16.9
105844,London,45-54,Savings,18.5
105845,London,55-64,Savings,8.1
105846,East of England,25-34,Savings,14.7
105847,North East,55-64,Current,7.9
105848,North West,25-34,Current,6.4
105849,West Midlands,65+,Current,0.6
105850,South West,25-34,Current,5.1
105851,Wales,45-54,Premier,3.5
105852,East of England,35-44,Savings,5.4
105853,East Midlands,25-34,Current,5.8
105854,North West,35-44,Current,17.2
105855,East Midlands,25-34,Current,4.1
105856,South West,45-54,Savings,16.4
105857,London,65+,Premier,17.2
105858,London,35-44,Current,9.3
105859,London,45-54,Current,14.5
105860,North West,65+,Premier,6.4
105861,London,35-44,Savings,0.5
105862,East Midlands,55-64,Student,14.2
105863,London,35-44,Current,12.2
105864,South East,35-44,Current,9.3
105865,South East,25-34,Savings,18.0
105866,Yorkshire and Humber,25-34,Current,14.6
105867,South West,45-54,Savings,8.6
105868,South East,55-64,Savings,1.2
105869,West Midlands,25-34,Current,17.5
105870,West Midlands,65+,Current,19.7
105871,London,35-44,Savings,12.7
105872,North West,35-44,Premier,15.4
105873,West Midlands,65+,Current,10.2
105874,West Midlands,65+,Savings,4.8
105875,West Midlands,45-54,Current,18.3
105876,London,35-44,Premier,13.8
105877,London,25-34,Savings,11.0
105878,West Midlands,35-44,Current,13.7
105879,South East,55-64,Savings,10.3
105880,North West,35-44,Savings,1.3
105881,North West,55-64,Savings,13.2
105882,North West,25-34,Current,0.2
105883,South West,35-44,Savings,4.5
105884,North East,35-44,Savings,3.2
105885,London,45-54,Current,6.9
105886,East Midlands,45-54,Current,18.2
105887,North West,65+,Student,1.7
105888,West Midlands,65+,Savings,7.2
105889,South West,55-64,Current,15.2
105890,East Midlands,25-34,Student,17.3
105891,North East,65+,Current,14.7
105892,London,65+,Savings,19.3
105893,London,65+,Current,13.9
105894,South West,35-44,Current,14.9
105895,East Midlands,25-34,Premier,8.5
105896,South East,55-64,Savings,6.1
105897,West Midlands,35-44,Current,9.3
105898,South West,35-44,Premier,15.4
105899,London,35-44,Premier,13.0
105900,East Midlands,45-54,Savings,15.5
105901,South West,35-44,Current,12.6
105902,East Midlands,45-54,Current,14.7
105903,West Midlands,45-54,Savings,3.2
105904,South West,45-54,Premier,6.5
105905,London,18-24,Current,11.3
105906,East of England,65+,Current,0.4
105907,London,35-44,Current,18.3
105908,London,35-44,Current,4.9
105909,North West,35-44,Savings,1.9
105910,West Midlands,35-44,Current,13.3
105911,North East,45-54,Savings,4.0
105912,West Midlands,18-24,Savings,11.3
105913,London,65+,Current,5.1
105914,North West,25-34,Student,3.4
105915,North West,65+,Current,14.7
105916,London,45-54,Current,7.8
105917,South West,18-24,Current,11.5
105918,South East,45-54,Current,4.4
105919,East of England,35-44,Current,11.1
105920,North West,65+,Premier,8.5
105921,London,55-64,Current,1.1
105922,East Midlands,45-54,Current,14.6
105923,South East,35-44,Savings,11.1
105924,North West,65+,Premier,18.6
105925,London,45-54,Current,16.2
105926,West Midlands,45-54,Current,11.5
105927,South West,35-44,Current,1.0
105928,South West,35-44,Current,15.1
105929,East of England,55-64,Current,11.0
105930,East Midlands,45-54,Savings,16.7
105931,Wales,55-64,Current,11.6
105932,North West,45-54,Current,0.1
105933,North West,45-54,Savings,16.3
105934,North West,35-44,Current,16.0
105935,North West,55-64,Current,2.1
105936,London,35-44,Savings,13.7
105937,North West,55-64,Current,10.6
105938,Yorkshire and Humber,35-44,Current,11.8
105939,South East,55-64,Current,17.8
105940,South West,65+,Current,5.1
105941,South East,55-64,Current,0.4
105942,London,35-44,Current,4.3
105943,West Midlands,55-64,Current,18.3
105944,South West,25-34,Current,4.3
105945,East Midlands,18-24,Current,13.5
105946,North West,55-64,Savings,15.8
105947,East Midlands,55-64,Premier,16.3
105948,South East,18-24,Current,0.3
105949,Yorkshire and Humber,65+,Current,0.3
105950,South East,35-44,Savings,19.8
105951,Yorkshire and Humber,65+,Current,10.6
105952,London,55-64,Current,1.4
105953,London,65+,Premier,0.6
105954,East Midlands,55-64,Current,16.2
105955,London,65+,Current,18.1
105956,London,45-54,Current,10.5
105957,London,25-34,Current,7.5
105958,East Midlands,35-44,Current,14.1
105959,South East,55-64,Current,0.5
105960,North West,25-34,Savings,18.0
105961,East Midlands,65+,Current,5.2
105962,West Midlands,25-34,Premier,3.9
105963,London,65+,Current,6.3
105964,North West,35-44,Current,1.4
105965,South East,55-64,Current,7.9
105966,North West,65+,Current,14.3
105967,South East,35-44,Savings,10.0
105968,North West,55-64,Current,13.4
105969,London,25-34,Current,4.4
105970,South West,55-64,Current,8.0
105971,Yorkshire and Humber,55-64,Current,10.4
105972,East Midlands,35-44,Current,11.5
105973,London,18-24,Current,3.8
105974,Wales,35-44,Current,16.2
105975,North East,25-34,Savings,1.9
105976,North West,55-64,Savings,2.1
105977,South East,25-34,Current,5.1
105978,Yorkshire and Humber,65+,Current,13.1
105979,West Midlands,65+,Current,1.6
105980,South East,65+,Current,0.3
105981,London,45-54,Current,9.5
105982,London,25-34,Current,7.0
105983,South West,55-64,Premier,3.2
105984,Yorkshire and Humber,55-64,Savings,13.2
105985,South East,65+,Current,12.9
105986,Yorkshire and Humber,35-44,Current,2.5
105987,East Midlands,18-24,Current,4.7
105988,Yorkshire and Humber,65+,Current,7.4
105989,North East,55-64,Current,19.8
105990,London,25-34,Current,15.4
105991,West Midlands,55-64,Current,6.8
105992,South East,18-24,Current,19.3
105993,North East,45-54,Savings,9.2
105994,East of England,35-44,Current,7.7
105995,London,35-44,Premier,18.9
105996,Yorkshire and Humber,25-34,Current,14.7
105997,London,35-44,Current,11.0
105998,South West,35-44,Current,12.1
105999,East of England,25-34,Current,19.5
106000,South West,35-44,Current,3.1
106001,London,45-54,Current,7.0
106002,West Midlands,55-64,Current,8.5
106003,London,45-54,Current,19.7
106004,West Midlands,25-34,Current,1.8
106005,East Midlands,18-24,Savings,2.3
106006,London,55-64,Current,8.8
106007,South East,65+,Savings,3.5
106008,East of England,65+,Premier,13.7
106009,South West,65+,Current,7.3
106010,East of England,45-54,Student,16.9
106011,South East,65+,Current,15.0
106012,South East,35-44,Current,9.5
106013,East Midlands,55-64,Savings,16.9
106014,London,65+,Current,2.1
106015,West Midlands,55-64,Current,11.7
106016,East Midlands,35-44,Current,12.1
106017,West Midlands,35-44,Current,5.0
106018,South West,35-44,Current,1.1
106019,South East,35-44,Savings,10.8
106020,North East,55-64,Current,10.3
106021,Wales,55-64,Current,13.1
106022,East of England,25-34,Current,4.3
106023,West Midlands,55-64,Premier,3.7
106024,East of England,35-44,Premier,19.6
106025,South West,45-54,Savings,2.4
106026,East of England,35-44,Current,20.0
106027,West Midlands,45-54,Current,14.4
106028,West Midlands,55-64,Current,12.6
106029,East of England,55-64,Savings,6.9
106030,West Midlands,55-64,Current,17.4
106031,Yorkshire and Humber,35-44,Savings,18.2
106032,London,55-64,Current,14.5
106033,West Midlands,25-34,Student,14.2
106034,East Midlands,35-44,Current,9.9
106035,Wales,45-54,Current,1.6
106036,East of England,45-54,Current,20.0
106037,East of England,65+,Current,0.4
106038,North West,35-44,Student,10.0
106039,North West,55-64,Current,7.4
106040,Yorkshire and Humber,35-44,Premier,15.5
106041,London,45-54,Current,14.7
106042,East Midlands,55-64,Current,12.6
106043,South East,55-64,Current,1.6
106044,Wales,65+,Current,4.8
106045,London,55-64,Student,2.0
106046,Yorkshire and Humber,35-44,Current,19.6
106047,Yorkshire and Humber,65+,Current,2.6
106048,West Midlands,65+,Current,19.3
106049,North West,35-44,Savings,2.3
106050,London,18-24,Premier,17.3
106051,London,35-44,Savings,11.5
106052,London,55-64,Current,16.7
106053,South West,65+,Current,12.7
106054,North West,55-64,Current,15.4
106055,East Midlands,35-44,Premier,14.6
106056,East Midlands,18-24,Current,5.3
106057,West Midlands,45-54,Premier,18.7
106058,London,35-44,Savings,12.9
106059,South West,25-34,Savings,4.1
106060,East of England,25-34,Savings,6.2
106061,London,25-34,Current,10.7
106062,Yorkshire and Humber,25-34,Current,17.6
106063,West Midlands,55-64,Current,16.0
106064,Yorkshire and Humber,35-44,Current,6.1
106065,Yorkshire and Humber,35-44,Savings,13.8
106066,East of England,45-54,Current,0.1
106067,London,65+,Student,6.7
106068,North West,55-64,Student,16.8
106069,North West,45-54,Current,3.1
106070,West Midlands,55-64,Current,7.1
106071,East of England,55-64,Current,0.1
106072,East Midlands,55-64,Current,0.6
106073,East Midlands,45-54,Savings,3.0
106074,West Midlands,45-54,Savings,2.1
106075,South West,35-44,Savings,9.8
106076,London,35-44,Current,18.0
106077,London,35-44,Student,1.8
106078,Yorkshire and Humber,35-44,Current,17.4
106079,East Midlands,35-44,Premier,13.4
106080,East of England,45-54,Savings,3.5
106081,West Midlands,45-54,Savings,5.9
106082,East Midlands,25-34,Current,4.0
106083,London,35-44,Savings,15.8
106084,East Midlands,35-44,Current,14.5
106085,West Midlands,55-64,Current,6.2
106086,South West,35-44,Current,1.2
106087,London,18-24,Current,3.5
106088,North West,25-34,Current,12.6
106089,Yorkshire and Humber,45-54,Current,1.9
106090,South East,25-34,Savings,10.8
106091,East Midlands,45-54,Savings,12.3
106092,West Midlands,45-54,Premier,13.8
106093,London,65+,Savings,2.6
106094,London,45-54,Current,9.2
106095,Wales,18-24,Savings,9.3
106096,Yorkshire and Humber,35-44,Current,16.7
106097,East Midlands,55-64,Current,9.4
106098,London,25-34,Premier,8.2
106099,London,65+,Premier,2.6
106100,West Midlands,45-54,Current,13.9
106101,London,25-34,Savings,12.4
106102,West Midlands,25-34,Current,14.4
106103,South West,65+,Premier,13.2
106104,South West,65+,Savings,17.5
106105,Yorkshire and Humber,65+,Current,17.6
106106,North East,35-44,Savings,6.2
106107,Wales,55-64,Current,3.7
106108,West Midlands,25-34,Current,18.5
106109,Yorkshire and Humber,35-44,Savings,14.3
106110,London,55-64,Savings,19.4
106111,East Midlands,65+,Current,10.0
106112,Yorkshire and Humber,35-44,Savings,19.2
106113,North West,45-54,Current,2.5
106114,North East,25-34,Current,11.8
106115,Yorkshire and Humber,35-44,Savings,10.0
106116,South East,18-24,Current,0.2
106117,Yorkshire and Humber,55-64,Current,3.9
106118,West Midlands,18-24,Premier,3.2
106119,East of England,45-54,Savings,1.3
106120,East Midlands,35-44,Current,19.0
106121,East Midlands,35-44,Current,19.3
106122,Yorkshire and Humber,35-44,Student,17.8
106123,South East,35-44,Student,19.8
106124,Yorkshire and Humber,45-54,Current,16.6
106125,East Midlands,45-54,Current,18.7
106126,North West,65+,Current,4.0
106127,North West,35-44,Current,5.2
106128,East Midlands,45-54,Current,17.3
106129,London,65+,Current,9.6
106130,West Midlands,35-44,Savings,14.4
106131,North West,65+,Premier,11.3
106132,London,65+,Current,6.2
106133,South East,55-64,Current,5.8
106134,North West,45-54,Current,15.0
106135,North West,55-64,Current,10.7
106136,North West,35-44,Current,7.3
106137,North East,45-54,Premier,12.4
106138,West Midlands,65+,Current,8.5
106139,West Midlands,25-34,Savings,9.6
106140,London,55-64,Current,13.6
106141,West Midlands,45-54,Current,9.2
106142,West Midlands,25-34,Student,19.0
106143,West Midlands,45-54,Premier,9.8
106144,London,55-64,Current,19.2
106145,London,45-54,Premier,17.0
106146,South East,55-64,Current,17.8
106147,South East,35-44,Savings,15.3
106148,North West,65+,Current,12.1
106149,East of England,45-54,Current,10.7
106150,South East,55-64,Savings,11.1
106151,South West,35-44,Savings,4.1
106152,South East,35-44,Student,4.4
106153,Yorkshire and Humber,65+,Current,0.8
106154,North West,18-24,Student,14.9
106155,Yorkshire and Humber,35-44,Current,2.6
106156,West Midlands,55-64,Current,11.7
106157,London,55-64,Current,2.8
106158,East Midlands,55-64,Current,1.4
106159,East Midlands,55-64,Current,10.7
106160,North East,65+,Savings,17.5
106161,South East,45-54,Current,7.2
106162,London,45-54,Current,18.4
106163,Yorkshire and Humber,55-64,Current,0.3
106164,London,55-64,Savings,9.4
106165,East of England,25-34,Current,3.0
106166,South East,35-44,Current,6.4
106167,London,45-54,Savings,0.6
106168,London,55-64,Premier,0.8
106169,Yorkshire and Humber,45-54,Premier,14.3
106170,South East,55-64,Current,13.1
106171,Wales,55-64,Premier,4.2
106172,Yorkshire and Humber,25-34,Current,18.0
106173,Yorkshire and Humber,45-54,Premier,13.8
106174,Yorkshire and Humber,45-54,Current,6.8
106175,Yorkshire and Humber,25-34,Current,8.2
106176,Wales,35-44,Current,5.9
106177,South East,45-54,Savings,16.6
106178,Yorkshire and Humber,55-64,Current,9.9
106179,Yorkshire and Humber,35-44,Current,2.8
106180,London,25-34,Current,4.1
106181,East Midlands,35-44,Premier,6.0
106182,London,55-64,Current,8.1
106183,South West,45-54,Savings,11.9
106184,South East,35-44,Current,19.3
106185,West Midlands,65+,Premier,5.3
106186,South East,25-34,Current,6.6
106187,South East,35-44,Current,0.6
106188,North West,35-44,Current,7.5
106189,London,55-64,Current,13.5
106190,London,55-64,Savings,19.3
106191,South West,18-24,Savings,14.8
106192,West Midlands,55-64,Current,2.4
106193,West Midlands,55-64,Current,17.8
106194,London,65+,Current,16.8
106195,East Midlands,65+,Current,3.9
106196,Yorkshire and Humber,55-64,Premier,18.7
106197,South West,25-34,Savings,14.3
106198,West Midlands,35-44,Current,15.7
106199,London,65+,Current,9.2
106200,Wales,45-54,Savings,4.1
106201,London,45-54,Savings,16.0
106202,London,65+,Premier,9.6
106203,London,65+,Current,19.4
106204,West Midlands,55-64,Current,3.2
106205,West Midlands,65+,Current,7.2
106206,South East,25-34,Savings,14.7
106207,Yorkshire and Humber,55-64,Current,11.5
106208,North West,65+,Savings,8.7
106209,East Midlands,18-24,Current,14.1
106210,South West,25-34,Savings,14.7
106211,East Midlands,55-64,Current,11.6
106212,South East,45-54,Student,6.5
106213,Yorkshire and Humber,25-34,Current,12.4
106214,London,25-34,Savings,11.0
106215,North West,35-44,Current,16.0
106216,West Midlands,35-44,Savings,13.1
106217,London,65+,Savings,10.0
106218,South East,45-54,Current,0.5
106219,West Midlands,55-64,Current,3.4
106220,London,18-24,Current,6.8
106221,London,35-44,Current,12.1
106222,North West,35-44,Savings,15.9
106223,London,55-64,Current,19.2
106224,West Midlands,65+,Current,12.0
106225,London,35-44,Current,14.6
106226,West Midlands,65+,Current,12.5
106227,London,18-24,Current,8.7
106228,North West,35-44,Savings,12.2
106229,London,55-64,Current,8.1
106230,London,35-44,Premier,9.1
106231,East of England,65+,Savings,18.2
106232,London,25-34,Current,11.3
106233,South West,55-64,Student,2.1
106234,North West,25-34,Current,10.5
106235,Yorkshire and Humber,25-34,Current,19.1
106236,East Midlands,35-44,Current,2.1
106237,Yorkshire and Humber,65+,Savings,19.4
106238,South East,45-54,Current,19.8
106239,South West,45-54,Current,11.3
106240,London,18-24,Current,6.7
106241,London,18-24,Current,0.3
106242,West Midlands,18-24,Current,0.4
106243,East Midlands,55-64,Current,7.8
106244,South West,25-34,Current,15.7
106245,West Midlands,35-44,Savings,18.9
106246,West Midlands,45-54,Current,3.2
106247,North East,45-54,Current,9.8
106248,North East,35-44,Current,10.1
106249,London,18-24,Premier,7.7
106250,Yorkshire and Humber,35-44,Savings,10.8
106251,South West,55-64,Current,18.5
106252,West Midlands,25-34,Student,8.8
106253,Yorkshire and Humber,55-64,Savings,2.8
106254,Yorkshire and Humber,18-24,Savings,13.3
106255,East of England,65+,Savings,0.7
106256,East of England,65+,Student,18.8
106257,South East,18-24,Savings,18.8
106258,West Midlands,35-44,Current,1.9
106259,London,35-44,Current,11.1
106260,North West,55-64,Current,16.0
106261,East of England,45-54,Current,9.3
106262,West Midlands,45-54,Premier,9.6
106263,East Midlands,25-34,Savings,19.4
106264,South East,25-34,Savings,4.7
106265,London,55-64,Savings,10.6
106266,South West,45-54,Premier,2.4
106267,East Midlands,55-64,Savings,6.1
106268,South West,55-64,Current,17.0
106269,East Midlands,45-54,Current,14.4
106270,East Midlands,45-54,Current,12.3
106271,London,65+,Current,2.4
106272,North West,55-64,Current,17.0
106273,London,65+,Current,6.0
106274,East Midlands,65+,Current,10.7
106275,East Midlands,35-44,Current,4.7
106276,South East,55-64,Premier,10.5
106277,North West,45-54,Current,11.3
106278,South East,25-34,Savings,6.9
106279,South East,45-54,Current,10.2
106280,East Midlands,35-44,Premier,8.2
106281,South East,35-44,Savings,14.0
106282,North West,25-34,Premier,10.9
106283,Yorkshire and Humber,55-64,Current,17.6
106284,East Midlands,55-64,Savings,1.1
106285,South West,45-54,Current,0.6
106286,London,25-34,Current,3.9
106287,London,45-54,Savings,2.5
106288,North East,25-34,Current,10.6
106289,Yorkshire and Humber,35-44,Current,4.1
106290,East of England,35-44,Student,0.4
106291,South East,65+,Current,5.7
106292,East of England,35-44,Savings,10.2
106293,East of England,45-54,Current,14.3
106294,Wales,65+,Current,8.8
106295,West Midlands,35-44,Current,19.3
106296,South West,65+,Current,4.1
106297,South West,25-34,Savings,10.3
106298,London,35-44,Student,5.1
106299,North West,25-34,Current,16.2
106300,North East,45-54,Current,3.8
106301,West Midlands,65+,Savings,19.2
106302,London,45-54,Current,14.4
106303,London,45-54,Current,11.2
106304,West Midlands,35-44,Current,10.7
106305,South East,65+,Savings,7.3
106306,East Midlands,35-44,Current,0.5
106307,South East,25-34,Current,18.3
106308,South West,65+,Premier,15.9
106309,Yorkshire and Humber,35-44,Premier,2.8
106310,South East,35-44,Savings,2.5
106311,West Midlands,18-24,Savings,6.2
106312,South West,25-34,Premier,15.3
106313,North East,55-64,Savings,10.1
106314,West Midlands,35-44,Savings,13.1
106315,South East,65+,Current,0.2
106316,London,25-34,Current,18.5
106317,London,45-54,Savings,3.4
106318,South East,55-64,Savings,6.4
106319,London,45-54,Current,18.9
106320,London,45-54,Savings,14.7
106321,North West,45-54,Savings,10.3
106322,Yorkshire and Humber,45-54,Current,17.3
106323,East of England,65+,Savings,1.3
106324,West Midlands,35-44,Current,1.6
106325,London,35-44,Savings,3.2
106326,West Midlands,45-54,Premier,5.4
106327,South West,35-44,Student,14.2
106328,London,25-34,Student,10.7
106329,Yorkshire and Humber,65+,Savings,8.6
106330,North West,25-34,Current,15.7
106331,London,25-34,Savings,6.4
106332,North East,45-54,Current,1.8
106333,London,25-34,Current,8.0
106334,London,18-24,Current,15.4
106335,South East,18-24,Current,9.5
106336,Yorkshire and Humber,25-34,Current,19.5
106337,Yorkshire and Humber,35-44,Current,17.1
106338,Yorkshire and Humber,55-64,Current,15.8
106339,West Midlands,35-44,Current,15.5
106340,South East,35-44,Current,11.7
106341,East of England,45-54,Current,18.0
106342,East of England,35-44,Premier,11.8
106343,East of England,35-44,Current,7.5
106344,London,35-44,Savings,4.0
106345,North West,35-44,Current,16.3
106346,London,35-44,Student,7.5
106347,North East,18-24,Savings,15.8
106348,South East,65+,Premier,19.7
106349,London,65+,Student,8.0
106350,South East,65+,Savings,6.9
106351,South East,18-24,Current,3.5
106352,East of England,55-64,Current,9.6
106353,South East,45-54,Current,13.1
106354,London,25-34,Student,6.3
106355,North West,65+,Student,9.8
106356,London,55-64,Current,10.8
106357,North West,25-34,Savings,5.6
106358,North East,65+,Current,0.6
106359,London,25-34,Savings,4.4
106360,London,35-44,Current,16.1
106361,Yorkshire and Humber,25-34,Current,5.6
106362,London,25-34,Student,0.4
106363,London,65+,Current,8.6
106364,West Midlands,45-54,Savings,13.7
106365,East of England,25-34,Savings,15.1
106366,Yorkshire and Humber,55-64,Current,8.3
106367,London,65+,Current,11.5
106368,West Midlands,65+,Current,14.9
106369,London,65+,Current,17.8
106370,South East,65+,Student,12.8
106371,East of England,45-54,Current,13.8
106372,East Midlands,35-44,Current,2.1
106373,Wales,65+,Current,8.5
106374,South East,25-34,Current,17.8
106375,North West,25-34,Current,3.3
106376,West Midlands,35-44,Savings,6.3
106377,North West,35-44,Current,13.6
106378,East of England,45-54,Student,18.1
106379,North West,65+,Current,1.3
106380,London,45-54,Current,17.4
106381,South East,45-54,Current,4.5
106382,East of England,35-44,Current,17.2
106383,South East,55-64,Current,17.8
106384,South East,25-34,Savings,15.5
106385,West Midlands,18-24,Premier,18.5
106386,East of England,45-54,Current,19.2
106387,North West,45-54,Current,18.5
106388,West Midlands,35-44,Savings,10.3
106389,Wales,35-44,Current,9.3
106390,West Midlands,18-24,Savings,2.2
106391,West Midlands,45-54,Current,4.4
106392,London,35-44,Student,13.1
106393,North West,35-44,Current,2.6
106394,West Midlands,65+,Current,18.9
106395,London,55-64,Savings,4.6
106396,South East,25-34,Current,1.8
106397,South West,45-54,Savings,4.8
106398,West Midlands,25-34,Savings,1.1
106399,London,25-34,Current,3.4
106400,South West,55-64,Current,11.8
106401,West Midlands,25-34,Current,5.9
106402,West Midlands,35-44,Current,16.0
106403,East Midlands,65+,Savings,8.2
106404,London,55-64,Savings,14.3
106405,West Midlands,65+,Current,14.2
106406,South East,65+,Savings,2.8
106407,North East,35-44,Savings,1.2
106408,West Midlands,45-54,Savings,16.9
106409,London,35-44,Current,14.0
106410,North West,55-64,Current,3.6
106411,East Midlands,35-44,Current,13.6
106412,South East,18-24,Savings,6.7
106413,London,25-34,Savings,1.2
106414,North East,55-64,Student,4.7
106415,London,25-34,Current,15.1
106416,West Midlands,45-54,Savings,7.9
106417,London,55-64,Student,10.9
106418,West Midlands,55-64,Current,2.8
106419,East of England,35-44,Current,1.9
106420,South East,25-34,Current,4.9
106421,Yorkshire and Humber,65+,Current,9.5
106422,London,45-54,Current,17.0
106423,South East,35-44,Current,15.3
106424,South West,65+,Current,3.3
106425,East Midlands,25-34,Savings,1.5
106426,East Midlands,35-44,Student,4.6
106427,West Midlands,25-34,Savings,17.1
106428,Yorkshire and Humber,25-34,Student,10.4
106429,London,35-44,Current,16.2
106430,West Midlands,55-64,Savings,7.5
106431,Yorkshire and Humber,35-44,Current,11.8
106432,London,45-54,Student,11.9
106433,West Midlands,55-64,Student,12.6
106434,East of England,65+,Savings,9.5
106435,London,18-24,Current,4.9
106436,Yorkshire and Humber,55-64,Current,8.6
106437,London,25-34,Current,19.5
106438,North West,55-64,Current,5.5
106439,East of England,35-44,Current,14.5
106440,London,55-64,Current,18.9
106441,London,25-34,Current,11.4
106442,East of England,45-54,Student,9.8
106443,South West,25-34,Savings,2.5
106444,South West,25-34,Student,15.1
106445,North West,45-54,Current,18.2
106446,West Midlands,35-44,Current,19.6
106447,South East,55-64,Current,4.1
106448,London,45-54,Student,18.4
106449,South East,45-54,Current,7.5
106450,South East,55-64,Savings,12.4
106451,North West,55-64,Current,4.6
106452,North West,65+,Current,5.0
106453,London,25-34,Current,12.4
106454,North West,45-54,Current,9.7
106455,South East,55-64,Current,19.3
106456,South East,25-34,Student,5.4
106457,London,25-34,Current,17.6
106458,South East,25-34,Current,9.3
106459,London,45-54,Current,2.8
106460,South East,35-44,Premier,4.9
106461,North West,45-54,Savings,15.1
106462,South East,45-54,Savings,16.6
106463,South East,45-54,Current,0.9
106464,North West,25-34,Student,8.3
106465,London,55-64,Current,9.9
106466,East of England,45-54,Savings,12.3
106467,North West,25-34,Savings,13.0
106468,South East,25-34,Current,16.6
106469,North East,35-44,Current,5.5
106470,East of England,65+,Current,2.3
106471,Yorkshire and Humber,35-44,Current,3.8
106472,London,18-24,Current,18.7
106473,Wales,25-34,Current,11.0
106474,London,18-24,Current,4.5
106475,West Midlands,35-44,Savings,15.7
106476,East Midlands,55-64,Current,11.8
106477,South West,35-44,Savings,7.4
106478,Yorkshire and Humber,55-64,Current,0.5
106479,North West,18-24,Current,15.7
106480,Yorkshire and Humber,35-44,Current,14.4
106481,South East,55-64,Student,5.3
106482,London,45-54,Current,5.4
106483,East of England,55-64,Savings,5.5
106484,South East,35-44,Savings,13.4
106485,Wales,45-54,Savings,6.0
106486,East of England,45-54,Current,6.3
106487,North West,25-34,Current,7.6
106488,South East,55-64,Current,19.6
106489,East Midlands,35-44,Savings,9.3
106490,Wales,25-34,Savings,7.6
106491,North West,55-64,Savings,9.5
106492,South East,55-64,Current,14.4
106493,South West,65+,Savings,17.7
106494,West Midlands,65+,Current,19.8
106495,South West,35-44,Premier,9.8
106496,East Midlands,45-54,Savings,9.3
106497,London,65+,Current,6.7
106498,London,25-34,Savings,15.6
106499,Yorkshire and Humber,35-44,Current,13.1
106500,London,65+,Current,7.3
106501,East of England,25-34,Current,10.4
106502,North West,65+,Current,4.2
106503,London,35-44,Current,13.9
106504,East of England,65+,Savings,5.1
106505,South East,45-54,Current,7.1
106506,East Midlands,45-54,Savings,1.5
106507,North East,55-64,Current,4.5
106508,East Midlands,18-24,Savings,4.0
106509,London,45-54,Savings,14.7
106510,London,65+,Savings,13.9
106511,South West,65+,Current,10.8
106512,West Midlands,65+,Premier,7.8
106513,West Midlands,45-54,Current,17.8
106514,South East,45-54,Savings,17.7
106515,West Midlands,45-54,Current,12.1
106516,London,45-54,Current,13.2
106517,South East,45-54,Savings,15.9
106518,South East,18-24,Current,14.5
106519,North West,25-34,Current,4.6
106520,North West,45-54,Current,10.1
106521,North East,35-44,Current,3.1
106522,London,35-44,Premier,16.2
106523,East Midlands,25-34,Savings,13.1
106524,North West,55-64,Current,19.6
106525,Yorkshire and Humber,65+,Savings,2.8
106526,Wales,45-54,Current,10.3
106527,North West,65+,Savings,14.5
106528,East Midlands,65+,Current,17.4
106529,London,25-34,Current,17.1
106530,East Midlands,25-34,Current,4.1
106531,North West,25-34,Savings,19.6
106532,Wales,25-34,Savings,19.6
106533,South East,45-54,Savings,19.4
106534,East Midlands,35-44,Current,12.3
106535,London,65+,Savings,16.7
106536,West Midlands,45-54,Current,1.6
106537,West Midlands,35-44,Savings,5.2
106538,London,65+,Current,1.9
106539,London,65+,Savings,10.2
106540,South East,55-64,Premier,19.3
106541,East of England,55-64,Current,13.0
106542,North West,65+,Savings,9.3
106543,East of England,45-54,Current,15.9
106544,London,65+,Current,11.1
106545,North West,18-24,Current,9.2
106546,South West,45-54,Savings,12.6
106547,East Midlands,45-54,Current,10.3
106548,London,18-24,Current,12.9
106549,South East,25-34,Student,16.1
106550,North West,18-24,Current,9.3
106551,East of England,35-44,Savings,8.4
106552,North West,18-24,Current,11.2
106553,South West,35-44,Current,18.1
106554,East Midlands,55-64,Savings,8.5
106555,West Midlands,45-54,Current,17.0
106556,Yorkshire and Humber,45-54,Current,12.4
106557,East of England,18-24,Savings,0.3
106558,West Midlands,55-64,Premier,9.6
106559,East of England,25-34,Current,4.3
106560,North West,35-44,Premier,3.1
106561,London,45-54,Savings,4.8
106562,Yorkshire and Humber,65+,Current,14.3
106563,West Midlands,65+,Current,12.6
106564,North East,55-64,Current,10.8
106565,London,55-64,Current,10.0
106566,South East,45-54,Current,7.8
106567,London,45-54,Current,17.7
106568,London,25-34,Current,18.7
106569,London,25-34,Premier,15.3
106570,East of England,65+,Current,5.8
106571,South East,65+,Current,18.3
106572,London,35-44,Current,16.4
106573,London,25-34,Current,2.6
106574,London,25-34,Current,6.9
106575,London,35-44,Savings,6.6
106576,London,25-34,Savings,14.6
106577,London,45-54,Current,10.5
106578,South East,25-34,Savings,5.4
106579,North East,25-34,Current,4.7
106580,North East,35-44,Savings,9.2
106581,South West,55-64,Current,13.4
106582,London,35-44,Student,10.2
106583,South East,35-44,Premier,5.3
106584,West Midlands,45-54,Savings,12.4
106585,London,55-64,Current,20.0
106586,North West,35-44,Current,3.6
106587,East Midlands,55-64,Savings,10.6
106588,North East,35-44,Current,7.6
106589,East of England,45-54,Current,4.4
106590,London,35-44,Current,17.5
106591,North West,65+,Current,19.2
106592,South East,65+,Current,7.1
106593,London,55-64,Current,7.0
106594,South West,65+,Savings,1.9
106595,Wales,25-34,Current,12.4
106596,Yorkshire and Humber,45-54,Current,0.6
106597,North West,25-34,Current,10.0
106598,North West,35-44,Premier,3.1
106599,West Midlands,45-54,Current,13.5
106600,Yorkshire and Humber,55-64,Savings,18.6
106601,East Midlands,55-64,Savings,1.9
106602,West Midlands,65+,Savings,15.6
106603,North West,45-54,Current,16.6
106604,West Midlands,65+,Savings,3.6
106605,South East,65+,Current,18.5
106606,West Midlands,55-64,Current,12.5
106607,East of England,25-34,Current,10.7
106608,North West,45-54,Premier,13.5
106609,West Midlands,55-64,Current,5.8
106610,East Midlands,65+,Current,0.6
106611,South East,18-24,Savings,8.9
106612,North West,35-44,Current,14.9
106613,London,35-44,Current,18.4
106614,West Midlands,35-44,Student,8.7
106615,Wales,55-64,Savings,5.3
106616,West Midlands,18-24,Savings,2.7
106617,Yorkshire and Humber,35-44,Current,18.7
106618,East of England,55-64,Current,4.7
106619,North West,35-44,Current,18.2
106620,North West,25-34,Current,3.8
106621,South West,45-54,Current,0.5
106622,North West,45-54,Current,4.6
106623,East Midlands,65+,Current,9.9
106624,Yorkshire and Humber,55-64,Current,7.0
106625,East Midlands,65+,Current,18.2
106626,East of England,25-34,Current,10.9
106627,London,55-64,Current,2.4
106628,London,45-54,Current,12.5
106629,West Midlands,55-64,Current,7.8
106630,South East,35-44,Current,13.6
106631,South East,25-34,Current,15.7
106632,East Midlands,18-24,Savings,19.7
106633,East of England,55-64,Current,11.6
106634,London,55-64,Current,7.4
106635,South West,25-34,Current,8.7
106636,North West,45-54,Current,8.1
106637,West Midlands,55-64,Current,9.1
106638,South East,45-54,Current,0.7
106639,South West,35-44,Current,5.0
106640,Yorkshire and Humber,65+,Savings,19.8
106641,East Midlands,45-54,Student,18.6
106642,South West,55-64,Current,1.1
106643,West Midlands,45-54,Current,19.6
106644,Yorkshire and Humber,55-64,Premier,15.9
106645,London,25-34,Current,0.2
106646,West Midlands,65+,Premier,18.3
106647,East Midlands,35-44,Savings,19.2
106648,East Midlands,55-64,Current,12.6
106649,East of England,65+,Current,15.8
106650,North West,45-54,Current,6.7
106651,South East,45-54,Savings,11.5
106652,Wales,25-34,Current,14.7
106653,South East,35-44,Savings,11.3
106654,London,45-54,Current,6.2
106655,London,25-34,Savings,13.0
106656,Yorkshire and Humber,25-34,Savings,16.8
106657,London,65+,Current,16.7
106658,North East,35-44,Current,2.7
106659,South West,35-44,Current,9.0
106660,Yorkshire and Humber,25-34,Savings,0.9
106661,Yorkshire and Humber,45-54,Savings,12.7
106662,East of England,35-44,Current,4.9
106663,West Midlands,55-64,Savings,18.6
106664,South West,45-54,Current,12.4
106665,North West,18-24,Current,8.1
106666,South East,35-44,Student,14.7
106667,South West,18-24,Current,4.2
106668,London,55-64,Savings,1.9
106669,West Midlands,25-34,Current,1.8
106670,South West,25-34,Current,11.7
106671,Yorkshire and Humber,35-44,Current,17.8
106672,North West,25-34,Current,4.5
106673,London,45-54,Current,15.2
106674,London,35-44,Savings,0.8
106675,South East,65+,Current,7.1
106676,West Midlands,25-34,Current,13.1
106677,London,45-54,Current,16.5
106678,East of England,55-64,Current,18.9
106679,East Midlands,25-34,Current,12.7
106680,London,45-54,Savings,9.3
106681,South East,65+,Savings,1.3
106682,East of England,55-64,Current,5.6
106683,London,65+,Current,18.5
106684,South West,55-64,Current,11.7
106685,North West,35-44,Current,6.9
106686,Yorkshire and Humber,65+,Student,5.1
106687,North East,25-34,Current,2.4
106688,East of England,45-54,Premier,15.1
106689,London,55-64,Current,8.3
106690,London,65+,Savings,18.7
106691,London,65+,Savings,9.1
106692,East Midlands,25-34,Savings,16.4
106693,East of England,55-64,Savings,2.7
106694,South West,25-34,Current,3.1
106695,London,55-64,Savings,5.5
106696,North West,55-64,Current,3.9
106697,Yorkshire and Humber,25-34,Current,19.5
106698,West Midlands,55-64,Current,16.2
106699,South East,35-44,Current,7.0
106700,London,45-54,Premier,10.4
106701,North West,65+,Current,10.7
106702,London,45-54,Current,12.2
106703,Wales,45-54,Current,2.2
106704,West Midlands,18-24,Savings,7.0
106705,London,25-34,Savings,1.8
106706,London,18-24,Premier,18.4
106707,West Midlands,35-44,Current,8.1
106708,London,35-44,Current,14.6
106709,London,45-54,Current,18.4
106710,West Midlands,45-54,Current,6.3
106711,West Midlands,25-34,Current,1.8
106712,East of England,45-54,Premier,6.8
106713,North West,65+,Current,13.5
106714,London,25-34,Current,10.0
106715,London,45-54,Savings,1.6
106716,South West,18-24,Current,1.5
106717,South East,45-54,Savings,14.0
106718,South West,55-64,Current,14.8
106719,London,18-24,Current,2.3
106720,London,35-44,Current,15.9
106721,Yorkshire and Humber,65+,Current,7.0
106722,Yorkshire and Humber,25-34,Savings,1.5
106723,Yorkshire and Humber,55-64,Current,6.7
106724,West Midlands,45-54,Current,14.6
106725,Yorkshire and Humber,25-34,Premier,13.1
106726,Yorkshire and Humber,55-64,Current,9.7
106727,East Midlands,45-54,Current,5.7
106728,North West,25-34,Premier,8.4
106729,South East,65+,Current,7.7
106730,London,45-54,Savings,7.9
106731,South West,55-64,Current,9.8
106732,London,25-34,Student,9.2
106733,East of England,25-34,Current,2.1
106734,South West,55-64,Current,5.9
106735,West Midlands,45-54,Premier,2.7
106736,Wales,35-44,Current,12.1
106737,East Midlands,55-64,Current,8.5
106738,London,45-54,Current,13.5
106739,South West,35-44,Current,1.8
106740,Yorkshire and Humber,55-64,Current,7.0
106741,London,45-54,Current,3.7
106742,Yorkshire and Humber,45-54,Current,1.9
106743,East Midlands,55-64,Premier,15.5
106744,East Midlands,45-54,Savings,2.7
106745,West Midlands,65+,Premier,3.6
106746,West Midlands,55-64,Current,7.4
106747,London,35-44,Current,5.9
106748,London,35-44,Current,18.4
106749,London,65+,Current,19.8
106750,South East,65+,Current,8.5
106751,East Midlands,25-34,Savings,4.1
106752,North West,35-44,Savings,10.0
106753,South East,35-44,Current,10.0
106754,East of England,65+,Current,9.4
106755,London,65+,Current,0.5
106756,East Midlands,55-64,Current,2.7
106757,South West,35-44,Current,2.9
106758,East of England,65+,Student,7.1
106759,Yorkshire and Humber,18-24,Current,11.7
106760,North West,35-44,Current,17.6
106761,East Midlands,35-44,Savings,4.5
106762,London,45-54,Premier,15.4
106763,East of England,45-54,Savings,4.6
106764,South East,25-34,Current,0.7
106765,North West,25-34,Current,13.0
106766,London,55-64,Savings,4.4
106767,South West,25-34,Savings,18.4
106768,London,45-54,Premier,18.7
106769,South West,25-34,Current,2.2
106770,Yorkshire and Humber,35-44,Savings,4.0
106771,Yorkshire and Humber,35-44,Current,4.3
106772,London,55-64,Current,18.2
106773,London,35-44,Current,1.7
106774,Wales,35-44,Current,15.0
106775,London,55-64,Current,5.8
106776,Yorkshire and Humber,25-34,Current,11.7
106777,Yorkshire and Humber,55-64,Savings,3.6
106778,London,25-34,Current,16.1
106779,Yorkshire and Humber,65+,Current,13.4
106780,South East,18-24,Savings,0.5
106781,Yorkshire and Humber,45-54,Current,4.8
106782,Yorkshire and Humber,45-54,Current,9.4
106783,London,45-54,Premier,10.7
106784,East Midlands,55-64,Current,16.6
106785,South East,25-34,Current,7.8
106786,London,35-44,Savings,18.5
106787,London,65+,Current,4.0
106788,South East,65+,Current,17.2
106789,South East,45-54,Savings,18.1
106790,South West,45-54,Current,12.6
106791,Yorkshire and Humber,55-64,Current,19.4
106792,North West,55-64,Student,8.3
106793,South East,65+,Current,14.0
106794,London,55-64,Current,0.3
106795,London,35-44,Current,5.6
106796,London,45-54,Current,11.4
106797,South East,35-44,Premier,17.5
106798,West Midlands,25-34,Savings,19.1
106799,London,55-64,Current,11.6
106800,West Midlands,45-54,Current,17.1
106801,Yorkshire and Humber,18-24,Current,16.0
106802,South East,45-54,Savings,15.5
106803,London,35-44,Current,2.3
106804,Yorkshire and Humber,18-24,Premier,9.6
106805,East of England,45-54,Current,9.8
106806,South East,55-64,Current,15.8
106807,London,45-54,Premier,11.8
106808,North East,18-24,Student,16.4
106809,Yorkshire and Humber,45-54,Current,19.1
106810,South West,18-24,Current,11.1
106811,West Midlands,65+,Student,15.9
106812,North West,25-34,Savings,11.3
106813,Yorkshire and Humber,65+,Savings,12.6
106814,West Midlands,18-24,Savings,9.6
106815,London,25-34,Premier,19.2
106816,West Midlands,35-44,Current,16.4
106817,London,55-64,Current,15.1
106818,West Midlands,65+,Current,6.7
106819,West Midlands,45-54,Savings,9.8
106820,North East,35-44,Current,17.3
106821,South East,18-24,Current,18.7
106822,North East,45-54,Savings,20.0
106823,London,35-44,Current,14.7
106824,East Midlands,65+,Premier,14.6
106825,London,35-44,Current,2.0
106826,London,55-64,Savings,15.1
106827,East Midlands,55-64,Current,7.0
106828,East of England,25-34,Current,17.3
106829,London,35-44,Current,0.3
106830,South East,65+,Current,18.7
106831,London,35-44,Savings,9.7
106832,London,45-54,Savings,2.6
106833,North West,65+,Current,12.1
106834,Wales,25-34,Current,13.9
106835,Yorkshire and Humber,65+,Premier,15.6
106836,West Midlands,35-44,Current,14.1
106837,East Midlands,45-54,Premier,11.1
106838,London,35-44,Current,1.7
106839,Wales,45-54,Current,17.3
106840,East of England,18-24,Current,19.7
106841,South East,18-24,Current,15.6
106842,Wales,35-44,Student,0.8
106843,South East,35-44,Savings,15.1
106844,Yorkshire and Humber,45-54,Savings,5.5
106845,London,18-24,Savings,19.2
106846,East Midlands,25-34,Savings,1.4
106847,North West,25-34,Savings,1.9
106848,Yorkshire and Humber,35-44,Savings,3.7
106849,West Midlands,25-34,Savings,15.1
106850,North East,25-34,Current,13.1
106851,Wales,45-54,Current,14.6
106852,Yorkshire and Humber,55-64,Current,7.1
106853,South East,45-54,Current,17.6
106854,Yorkshire and Humber,35-44,Current,9.0
106855,West Midlands,55-64,Current,2.8
106856,Yorkshire and Humber,45-54,Current,15.4
106857,North West,45-54,Current,10.6
106858,North West,25-34,Savings,11.9
106859,North West,25-34,Savings,7.8
106860,West Midlands,35-44,Current,14.2
106861,North West,25-34,Premier,0.8
106862,East of England,45-54,Premier,9.9
106863,East Midlands,35-44,Student,8.6
106864,North West,25-34,Current,15.0
106865,London,25-34,Current,5.4
106866,Yorkshire and Humber,25-34,Current,4.8
106867,London,35-44,Savings,6.5
106868,East Midlands,18-24,Savings,9.7
106869,London,45-54,Savings,4.3
106870,London,35-44,Savings,13.7
106871,South East,45-54,Premier,6.7
106872,London,65+,Current,8.5
106873,London,65+,Premier,11.2
106874,Yorkshire and Humber,45-54,Savings,7.6
106875,North West,35-44,Current,14.1
106876,London,55-64,Savings,13.2
106877,East Midlands,65+,Current,15.2
106878,North West,35-44,Current,10.5
106879,South East,25-34,Premier,7.4
106880,West Midlands,55-64,Current,4.1
106881,East Midlands,18-24,Current,8.8
106882,South East,55-64,Premier,17.5
106883,Yorkshire and Humber,25-34,Current,2.5
106884,South West,25-34,Current,4.4
106885,North East,55-64,Current,13.3
106886,North East,45-54,Current,11.5
106887,Yorkshire and Humber,45-54,Current,18.3
106888,North West,55-64,Current,0.7
106889,London,55-64,Savings,17.6
106890,London,35-44,Current,14.5
106891,London,65+,Current,15.5
106892,North West,35-44,Current,7.6
106893,East Midlands,25-34,Current,6.2
106894,North West,55-64,Savings,0.4
106895,West Midlands,35-44,Current,15.8
106896,West Midlands,65+,Current,3.3
106897,East of England,18-24,Current,4.6
106898,East Midlands,25-34,Current,5.6
106899,London,18-24,Current,17.4
106900,North East,45-54,Current,5.8
106901,Yorkshire and Humber,55-64,Current,8.6
106902,London,35-44,Current,15.0
106903,South East,25-34,Current,17.9
106904,North West,35-44,Savings,15.8
106905,London,35-44,Current,10.8
106906,South West,45-54,Current,0.1
106907,South East,45-54,Current,3.2
106908,South West,25-34,Current,5.1
106909,Wales,35-44,Current,8.3
106910,Yorkshire and Humber,45-54,Current,7.3
106911,South East,25-34,Current,10.3
106912,London,35-44,Current,8.3
106913,South East,45-54,Current,14.5
106914,South East,35-44,Premier,1.1
106915,South East,18-24,Savings,19.9
106916,East of England,25-34,Current,16.9
106917,Yorkshire and Humber,55-64,Premier,6.8
106918,South East,25-34,Current,8.0
106919,North West,55-64,Current,19.3
106920,London,35-44,Current,18.7
106921,South East,35-44,Premier,7.9
106922,South West,55-64,Current,1.3
106923,Yorkshire and Humber,35-44,Savings,19.8
106924,London,25-34,Savings,13.1
106925,Yorkshire and Humber,25-34,Current,13.9
106926,West Midlands,45-54,Current,5.6
106927,North West,35-44,Current,16.4
106928,East of England,55-64,Savings,11.2
106929,North West,35-44,Current,9.5
106930,Wales,35-44,Current,14.8
106931,North West,35-44,Current,7.5
106932,South East,25-34,Savings,8.6
106933,London,55-64,Savings,13.1
106934,South East,25-34,Current,12.8
106935,London,65+,Current,19.4
106936,South East,18-24,Current,11.3
106937,East of England,45-54,Current,6.5
106938,London,18-24,Current,5.8
106939,East Midlands,55-64,Savings,10.7
106940,North West,25-34,Current,2.5
106941,South East,45-54,Current,11.8
106942,London,65+,Current,7.9
106943,London,45-54,Current,7.1
106944,London,25-34,Current,3.9
106945,Yorkshire and Humber,55-64,Savings,10.0
106946,South East,35-44,Current,0.8
106947,South East,18-24,Current,12.2
106948,South East,35-44,Current,5.8
106949,South East,55-64,Current,18.1
106950,East of England,35-44,Student,10.6
106951,London,55-64,Savings,15.6
106952,North East,55-64,Savings,17.0
106953,West Midlands,35-44,Student,17.6
106954,London,35-44,Student,17.4
106955,South East,55-64,Current,4.6
106956,London,35-44,Current,6.1
106957,North West,25-34,Savings,14.2
106958,London,35-44,Current,10.8
106959,Yorkshire and Humber,65+,Current,12.2
106960,East of England,35-44,Premier,13.6
106961,Yorkshire and Humber,25-34,Current,2.4
106962,West Midlands,25-34,Current,3.4
106963,London,18-24,Current,12.8
106964,Yorkshire and Humber,65+,Current,12.5
106965,West Midlands,45-54,Current,16.4
106966,London,55-64,Current,13.9
106967,London,55-64,Current,4.2
106968,West Midlands,35-44,Current,1.5
106969,London,55-64,Current,7.9
106970,London,65+,Current,7.5
106971,South East,55-64,Current,15.4
106972,Yorkshire and Humber,55-64,Current,13.5
106973,North West,35-44,Savings,17.5
106974,North East,55-64,Current,10.1
106975,London,25-34,Premier,5.8
106976,East Midlands,55-64,Savings,10.1
106977,South West,35-44,Current,4.4
106978,West Midlands,45-54,Current,1.3
106979,South West,65+,Current,10.0
106980,South East,45-54,Current,8.3
106981,North East,18-24,Premier,0.7
106982,North East,55-64,Savings,14.5
106983,North West,65+,Savings,12.9
106984,South East,45-54,Savings,1.6
106985,North West,65+,Premier,14.2
106986,London,55-64,Student,1.7
106987,London,65+,Current,10.4
106988,East Midlands,35-44,Current,12.5
106989,East Midlands,35-44,Current,10.0
106990,East Midlands,55-64,Current,15.0
106991,West Midlands,65+,Current,7.8
106992,North West,25-34,Current,4.3
106993,East of England,25-34,Savings,9.8
106994,London,35-44,Current,6.9
106995,South West,55-64,Savings,3.1
106996,South West,65+,Current,9.5
106997,South East,45-54,Current,4.1
106998,Yorkshire and Humber,25-34,Student,9.5
106999,East of England,35-44,Current,11.9
107000,South East,55-64,Savings,15.7
107001,South East,35-44,Student,17.1
107002,East of England,25-34,Current,13.4
107003,London,35-44,Current,17.9
107004,London,55-64,Current,11.2
107005,East of England,45-54,Current,14.2
107006,London,25-34,Premier,15.4
107007,South West,35-44,Savings,16.5
107008,East Midlands,65+,Current,15.1
107009,East Midlands,35-44,Savings,18.1
107010,London,35-44,Premier,9.5
107011,East Midlands,25-34,Current,19.1
107012,Wales,35-44,Current,8.1
107013,East Midlands,55-64,Savings,1.5
107014,South East,55-64,Savings,3.7
107015,North West,35-44,Current,11.2
107016,North East,65+,Current,0.4
107017,Yorkshire and Humber,35-44,Current,3.2
107018,East Midlands,65+,Current,7.5
107019,East Midlands,18-24,Savings,12.5
107020,London,35-44,Current,3.4
107021,Wales,55-64,Savings,11.5
107022,Wales,65+,Current,13.3
107023,Yorkshire and Humber,55-64,Savings,15.3
107024,London,45-54,Savings,13.2
107025,West Midlands,55-64,Current,5.1
107026,London,55-64,Current,19.9
107027,London,25-34,Current,17.8
107028,North West,35-44,Savings,7.5
107029,London,45-54,Savings,0.7
107030,East of England,45-54,Current,10.6
107031,East Midlands,65+,Premier,17.3
107032,North West,35-44,Savings,16.5
107033,West Midlands,25-34,Current,18.0
107034,West Midlands,25-34,Current,19.4
107035,West Midlands,55-64,Current,14.3
107036,London,18-24,Current,3.3
107037,West Midlands,65+,Premier,0.8
107038,South East,18-24,Savings,3.1
107039,East of England,35-44,Current,4.1
107040,East of England,55-64,Current,1.3
107041,South East,35-44,Current,9.1
107042,West Midlands,55-64,Current,15.7
107043,East Midlands,25-34,Current,0.2
107044,North West,45-54,Savings,16.1
107045,North East,45-54,Savings,18.5
107046,North East,65+,Premier,3.1
107047,Yorkshire and Humber,25-34,Current,0.5
107048,North West,35-44,Current,9.6
107049,London,45-54,Savings,17.4
107050,North West,65+,Current,14.8
107051,Wales,55-64,Current,0.8
107052,North West,55-64,Premier,13.5
107053,Yorkshire and Humber,45-54,Savings,16.4
107054,Yorkshire and Humber,45-54,Student,5.5
107055,West Midlands,55-64,Current,13.1
107056,Yorkshire and Humber,65+,Current,9.9
107057,East of England,55-64,Current,4.2
107058,West Midlands,55-64,Current,18.0
107059,London,65+,Current,4.5
107060,Yorkshire and Humber,25-34,Student,16.8
107061,West Midlands,35-44,Current,14.1
107062,East Midlands,65+,Current,4.5
107063,North West,45-54,Student,14.3
107064,East Midlands,25-34,Savings,0.6
107065,Yorkshire and Humber,45-54,Current,4.8
107066,South West,45-54,Current,5.8
107067,South East,55-64,Current,17.8
107068,North East,55-64,Current,18.3
107069,Yorkshire and Humber,18-24,Current,5.5
107070,South East,35-44,Savings,9.5
107071,South East,18-24,Savings,19.6
107072,North West,65+,Premier,13.4
107073,North West,25-34,Current,1.5
107074,London,45-54,Current,7.9
107075,South West,45-54,Current,8.5
107076,London,45-54,Premier,6.2
107077,North West,45-54,Student,10.4
107078,Wales,55-64,Premier,14.7
107079,West Midlands,45-54,Current,13.9
107080,North East,25-34,Current,7.1
107081,South West,35-44,Current,14.8
107082,South West,45-54,Current,10.7
107083,South West,35-44,Current,15.4
107084,West Midlands,55-64,Current,2.4
107085,London,35-44,Current,8.2
107086,South East,55-64,Current,8.0
107087,South East,25-34,Premier,7.1
107088,North West,55-64,Savings,14.0
107089,West Midlands,25-34,Savings,11.2
107090,North West,45-54,Current,7.8
107091,London,35-44,Savings,10.8
107092,London,45-54,Current,14.1
107093,South West,25-34,Current,13.5
107094,South East,55-64,Current,15.2
107095,South East,45-54,Current,17.0
107096,North West,65+,Student,14.8
107097,London,55-64,Student,3.7
107098,Yorkshire and Humber,45-54,Current,16.9
107099,North West,55-64,Current,6.7
107100,East Midlands,25-34,Current,13.4
107101,Yorkshire and Humber,45-54,Current,19.8
107102,North West,35-44,Savings,6.0
107103,London,55-64,Savings,5.5
107104,East Midlands,18-24,Savings,3.7
107105,North West,35-44,Current,19.7
107106,East Midlands,45-54,Current,8.6
107107,London,35-44,Current,15.7
107108,London,25-34,Current,1.1
107109,Yorkshire and Humber,35-44,Current,3.7
107110,West Midlands,55-64,Current,1.4
107111,North East,25-34,Current,16.3
107112,London,35-44,Current,2.2
107113,South East,65+,Savings,18.5
107114,London,65+,Current,13.3
107115,South West,18-24,Current,18.2
107116,East of England,45-54,Premier,8.2
107117,Yorkshire and Humber,18-24,Student,10.6
107118,South East,65+,Current,0.6
107119,North West,35-44,Current,9.4
107120,South East,35-44,Current,11.9
107121,Yorkshire and Humber,35-44,Premier,2.1
107122,East Midlands,45-54,Current,19.6
107123,North East,25-34,Current,0.2
107124,East of England,55-64,Savings,5.4
107125,North West,45-54,Savings,12.4
107126,Wales,45-54,Current,10.0
107127,North West,55-64,Current,4.9
107128,London,25-34,Current,19.7
107129,East of England,25-34,Current,3.9
107130,North West,35-44,Current,11.4
107131,London,55-64,Savings,2.4
107132,South East,18-24,Savings,1.2
107133,West Midlands,55-64,Savings,9.8
107134,Yorkshire and Humber,45-54,Savings,16.1
107135,North West,45-54,Current,10.7
107136,South East,45-54,Current,5.9
107137,West Midlands,18-24,Savings,0.4
107138,North West,25-34,Current,18.8
107139,South East,55-64,Current,4.3
107140,West Midlands,35-44,Current,11.5
107141,Yorkshire and Humber,45-54,Savings,0.4
107142,South East,65+,Current,2.0
107143,South East,18-24,Current,3.5
107144,West Midlands,35-44,Current,2.3
107145,East of England,35-44,Savings,10.7
107146,South East,25-34,Current,8.0
107147,Yorkshire and Humber,65+,Current,16.0
107148,South East,65+,Savings,2.4
107149,South East,35-44,Savings,8.7
107150,London,65+,Current,8.6
107151,London,18-24,Current,4.7
107152,South East,65+,Premier,2.0
107153,Wales,55-64,Current,0.3
107154,London,25-34,Student,0.5
107155,South West,45-54,Savings,8.0
107156,South East,55-64,Student,1.2
107157,East of England,35-44,Current,8.0
107158,North East,35-44,Current,8.8
107159,West Midlands,45-54,Current,9.0
107160,West Midlands,25-34,Current,3.9
107161,London,25-34,Current,10.0
107162,London,25-34,Current,7.9
107163,London,55-64,Current,19.8
107164,South West,35-44,Savings,1.0
107165,North East,45-54,Current,1.2
107166,Yorkshire and Humber,25-34,Current,16.5
107167,South East,25-34,Current,5.4
107168,West Midlands,45-54,Savings,3.8
107169,London,25-34,Current,17.5
107170,East Midlands,45-54,Savings,10.7
107171,London,35-44,Current,12.4
107172,London,45-54,Current,0.3
107173,South East,35-44,Savings,5.3
107174,London,55-64,Current,5.3
107175,Yorkshire and Humber,18-24,Savings,15.2
107176,East Midlands,65+,Premier,7.8
107177,West Midlands,25-34,Current,11.6
107178,Wales,18-24,Current,18.6
107179,East of England,45-54,Premier,19.7
107180,North West,25-34,Savings,2.6
107181,North West,35-44,Current,11.2
107182,London,55-64,Current,14.0
107183,South East,55-64,Current,15.7
107184,Yorkshire and Humber,45-54,Student,18.4
107185,East Midlands,65+,Savings,14.6
107186,Yorkshire and Humber,35-44,Current,13.8
107187,North West,18-24,Current,1.2
107188,North West,55-64,Savings,10.9
107189,West Midlands,25-34,Current,12.0
107190,South East,25-34,Premier,14.0
107191,London,25-34,Current,11.7
107192,North West,35-44,Current,8.2
107193,London,35-44,Current,9.8
107194,London,35-44,Current,19.3
107195,South West,45-54,Current,6.6
107196,North East,55-64,Current,15.7
107197,West Midlands,65+,Current,12.2
107198,East of England,25-34,Current,8.9
107199,South East,25-34,Savings,8.3
107200,South East,45-54,Current,10.8
107201,Yorkshire and Humber,25-34,Current,16.0
107202,Yorkshire and Humber,35-44,Savings,2.5
107203,East Midlands,45-54,Current,18.2
107204,Wales,55-64,Current,15.5
107205,London,25-34,Student,7.0
107206,Yorkshire and Humber,45-54,Current,0.3
107207,London,45-54,Current,2.2
107208,East Midlands,55-64,Savings,3.0
107209,West Midlands,35-44,Premier,2.2
107210,London,55-64,Savings,2.1
107211,London,55-64,Current,19.2
107212,South West,25-34,Current,13.2
107213,South East,45-54,Current,16.4
107214,London,45-54,Current,11.3
107215,South West,35-44,Current,12.4
107216,East Midlands,35-44,Savings,17.6
107217,South East,35-44,Current,5.3
107218,South East,55-64,Student,13.9
107219,North West,18-24,Premier,18.0
107220,West Midlands,45-54,Current,18.7
107221,North West,25-34,Current,8.9
107222,West Midlands,45-54,Premier,17.1
107223,London,45-54,Current,10.1
107224,West Midlands,45-54,Savings,5.2
107225,South East,45-54,Current,5.1
107226,West Midlands,35-44,Current,9.1
107227,East Midlands,35-44,Current,5.2
107228,North West,55-64,Current,0.7
107229,West Midlands,25-34,Premier,2.2
107230,Wales,55-64,Current,17.0
107231,North West,45-54,Current,17.7
107232,North West,65+,Savings,17.5
107233,West Midlands,25-34,Premier,11.1
107234,Yorkshire and Humber,45-54,Current,18.7
107235,London,18-24,Savings,10.0
107236,South West,65+,Current,9.3
107237,Yorkshire and Humber,45-54,Savings,9.5
107238,London,45-54,Savings,5.2
107239,London,55-64,Student,12.3
107240,South West,35-44,Savings,9.0
107241,London,45-54,Premier,19.5
107242,North West,55-64,Current,3.5
107243,South East,25-34,Savings,1.6
107244,South West,65+,Savings,7.1
107245,London,65+,Current,4.4
107246,Wales,65+,Premier,19.8
107247,East of England,55-64,Savings,11.2
107248,West Midlands,35-44,Student,7.3
107249,South West,45-54,Current,12.9
107250,London,25-34,Student,9.1
107251,London,55-64,Current,4.3
107252,London,25-34,Premier,8.0
107253,East of England,65+,Current,5.8
107254,London,25-34,Current,12.8
107255,London,25-34,Current,16.3
107256,East Midlands,25-34,Savings,5.3
107257,London,55-64,Current,12.5
107258,East of England,25-34,Student,14.2
107259,South East,25-34,Student,7.5
107260,East Midlands,25-34,Current,9.8
107261,East of England,35-44,Savings,7.2
107262,South West,65+,Savings,7.5
107263,London,35-44,Current,9.0
107264,East Midlands,25-34,Current,6.0
107265,London,25-34,Current,9.8
107266,East Midlands,18-24,Current,15.1
107267,North West,35-44,Current,7.9
107268,London,25-34,Current,18.9
107269,East of England,18-24,Current,4.4
107270,Yorkshire and Humber,25-34,Premier,9.0
107271,East of England,35-44,Current,12.1
107272,East of England,55-64,Student,10.9
107273,East Midlands,18-24,Savings,18.9
107274,North West,45-54,Savings,6.6
107275,South East,45-54,Current,7.6
107276,South East,65+,Current,12.0
107277,Yorkshire and Humber,25-34,Student,12.0
107278,South East,55-64,Savings,15.8
107279,London,65+,Savings,15.9
107280,South East,65+,Current,0.3
107281,South East,55-64,Current,15.3
107282,East Midlands,25-34,Current,14.4
107283,West Midlands,65+,Savings,11.8
107284,West Midlands,55-64,Savings,6.4
107285,North East,25-34,Current,18.2
107286,East of England,25-34,Current,14.8
107287,South West,65+,Current,5.2
107288,West Midlands,25-34,Current,6.2
107289,London,55-64,Current,14.2
107290,West Midlands,35-44,Current,18.4
107291,Yorkshire and Humber,55-64,Current,9.9
107292,North West,25-34,Savings,17.6
107293,South West,55-64,Savings,7.7
107294,West Midlands,45-54,Current,8.0
107295,London,65+,Current,13.8
107296,Wales,25-34,Savings,1.1
107297,South East,25-34,Current,2.9
107298,East Midlands,25-34,Current,14.6
107299,East of England,25-34,Current,4.9
107300,London,65+,Premier,3.6
107301,London,25-34,Current,1.9
107302,South East,25-34,Premier,4.6
107303,East of England,55-64,Current,5.1
107304,London,25-34,Current,6.9
107305,London,25-34,Current,18.8
107306,London,45-54,Savings,12.9
107307,East Midlands,35-44,Current,13.9
107308,South West,55-64,Current,2.7
107309,West Midlands,45-54,Premier,3.9
107310,Yorkshire and Humber,35-44,Current,18.0
107311,Yorkshire and Humber,45-54,Current,12.7
107312,North West,65+,Savings,16.2
107313,Yorkshire and Humber,35-44,Current,7.2
107314,London,55-64,Current,11.6
107315,North West,35-44,Student,10.1
107316,West Midlands,45-54,Current,4.2
107317,East of England,55-64,Current,16.5
107318,Wales,18-24,Current,6.7
107319,London,35-44,Current,9.4
107320,North West,25-34,Current,2.7
107321,East Midlands,55-64,Current,12.8
107322,East Midlands,45-54,Current,15.8
107323,Yorkshire and Humber,35-44,Current,8.3
107324,North East,25-34,Current,19.6
107325,South East,65+,Current,5.2
107326,Yorkshire and Humber,35-44,Current,17.5
107327,North East,35-44,Premier,14.5
107328,Yorkshire and Humber,25-34,Current,18.6
107329,North West,45-54,Current,14.8
107330,Yorkshire and Humber,25-34,Student,9.9
107331,North West,55-64,Current,8.3
107332,East of England,45-54,Premier,16.6
107333,Yorkshire and Humber,18-24,Savings,16.8
107334,South East,45-54,Current,11.8
107335,Yorkshire and Humber,25-34,Current,14.1
107336,East of England,18-24,Current,9.3
107337,London,45-54,Savings,4.4
107338,London,25-34,Current,1.1
107339,West Midlands,65+,Savings,13.1
107340,East of England,45-54,Savings,13.4
107341,London,25-34,Savings,13.3
107342,North West,65+,Current,11.3
107343,East of England,45-54,Savings,6.9
107344,East Midlands,25-34,Savings,4.9
107345,North West,45-54,Current,1.4
107346,London,65+,Student,3.0
107347,Yorkshire and Humber,35-44,Current,12.6
107348,London,35-44,Premier,15.4
107349,North West,35-44,Current,18.2
107350,West Midlands,35-44,Current,1.8
107351,East Midlands,25-34,Savings,16.3
107352,West Midlands,45-54,Current,12.0
107353,North East,65+,Current,6.1
107354,London,55-64,Current,14.5
107355,London,25-34,Savings,19.8
107356,Yorkshire and Humber,35-44,Current,7.7
107357,South East,18-24,Savings,12.6
107358,West Midlands,35-44,Current,5.3
107359,North West,45-54,Current,4.2
107360,South East,35-44,Current,3.1
107361,London,55-64,Current,0.7
107362,South East,35-44,Premier,14.5
107363,East of England,45-54,Savings,3.0
107364,South West,65+,Premier,13.6
107365,West Midlands,45-54,Savings,17.4
107366,West Midlands,65+,Savings,16.9
107367,West Midlands,55-64,Premier,6.0
107368,South West,45-54,Current,2.6
107369,East of England,35-44,Premier,8.9
107370,East of England,35-44,Current,3.7
107371,North West,65+,Current,7.5
107372,South West,18-24,Current,11.4
107373,London,65+,Current,12.9
107374,South West,35-44,Current,4.4
107375,London,55-64,Current,4.6
107376,West Midlands,35-44,Current,17.3
107377,East Midlands,65+,Student,18.9
107378,North East,18-24,Current,12.9
107379,Yorkshire and Humber,35-44,Current,11.2
107380,Yorkshire and Humber,65+,Savings,13.2
107381,Yorkshire and Humber,35-44,Savings,2.7
107382,Yorkshire and Humber,35-44,Savings,18.0
107383,North East,65+,Current,4.3
107384,East Midlands,55-64,Current,13.4
107385,West Midlands,25-34,Premier,4.5
107386,South West,45-54,Current,14.1
107387,London,25-34,Savings,15.1
107388,West Midlands,25-34,Current,14.8
107389,East Midlands,45-54,Current,8.6
107390,North West,25-34,Savings,12.2
107391,North West,35-44,Current,12.0
107392,East Midlands,25-34,Current,14.4
107393,North West,55-64,Savings,10.0
107394,South East,45-54,Current,10.2
107395,East of England,25-34,Current,13.7
107396,East of England,65+,Current,3.5
107397,Yorkshire and Humber,55-64,Current,13.1
107398,North West,25-34,Savings,3.0
107399,Wales,65+,Current,14.5
107400,South East,25-34,Current,7.8
107401,London,35-44,Current,16.8
107402,North West,35-44,Student,1.9
107403,North West,25-34,Current,9.3
107404,London,45-54,Premier,3.4
107405,London,45-54,Current,17.4
107406,East Midlands,65+,Current,2.6
107407,North East,25-34,Savings,9.8
107408,London,25-34,Current,2.2
107409,London,35-44,Current,16.0
107410,North West,25-34,Premier,5.7
107411,South East,65+,Student,11.9
107412,South East,55-64,Current,3.5
107413,West Midlands,55-64,Savings,7.1
107414,London,55-64,Current,2.4
107415,South East,25-34,Savings,11.1
107416,South West,25-34,Current,0.2
107417,West Midlands,35-44,Current,19.9
107418,East of England,55-64,Current,8.4
107419,London,35-44,Current,12.6
107420,West Midlands,18-24,Savings,5.8
107421,West Midlands,45-54,Current,5.1
107422,West Midlands,25-34,Current,16.9
107423,North West,45-54,Savings,15.2
107424,London,18-24,Current,12.9
107425,South East,45-54,Premier,15.1
107426,West Midlands,35-44,Current,3.6
107427,Wales,65+,Current,18.7
107428,West Midlands,55-64,Current,9.1
107429,London,18-24,Current,17.4
107430,East of England,55-64,Current,14.7
107431,South West,55-64,Savings,5.8
107432,London,45-54,Current,11.4
107433,South East,65+,Premier,19.3
107434,West Midlands,55-64,Current,0.8
107435,East Midlands,25-34,Savings,8.6
107436,London,35-44,Current,12.4
107437,East Midlands,35-44,Current,6.9
107438,Yorkshire and Humber,45-54,Current,6.4
107439,North West,65+,Current,15.0
107440,East of England,45-54,Current,18.3
107441,East of England,35-44,Current,10.8
107442,South West,65+,Current,19.0
107443,South East,55-64,Premier,2.1
107444,West Midlands,25-34,Current,4.6
107445,East Midlands,65+,Current,1.8
107446,South East,35-44,Current,8.8
107447,London,45-54,Current,12.6
107448,Yorkshire and Humber,35-44,Current,4.1
107449,London,65+,Savings,9.0
107450,London,25-34,Current,13.7
107451,North West,35-44,Savings,12.8
107452,North West,45-54,Current,12.6
107453,Yorkshire and Humber,65+,Current,12.2
107454,London,25-34,Savings,19.7
107455,North East,25-34,Current,14.3
107456,London,65+,Current,18.2
107457,South East,55-64,Current,19.0
107458,South West,35-44,Savings,17.2
107459,West Midlands,35-44,Current,2.0
107460,South East,35-44,Premier,10.6
107461,London,45-54,Current,7.7
107462,London,45-54,Premier,2.0
107463,East Midlands,55-64,Current,11.3
107464,East of England,18-24,Savings,4.3
107465,North East,55-64,Current,11.7
107466,East Midlands,18-24,Savings,16.4
107467,North West,65+,Current,7.9
107468,West Midlands,18-24,Student,19.0
107469,South West,25-34,Savings,15.4
107470,London,25-34,Current,16.1
107471,West Midlands,25-34,Current,2.3
107472,South West,35-44,Current,18.8
107473,Yorkshire and Humber,45-54,Premier,0.8
107474,London,65+,Premier,16.9
107475,Yorkshire and Humber,45-54,Current,0.7
107476,London,45-54,Current,3.3
107477,London,35-44,Current,6.4
107478,North West,55-64,Current,14.8
107479,Yorkshire and Humber,25-34,Current,18.0
107480,East of England,35-44,Savings,13.4
107481,London,25-34,Current,14.6
107482,East of England,25-34,Student,5.9
107483,London,45-54,Premier,19.5
107484,South East,25-34,Current,8.2
107485,North West,25-34,Current,18.3
107486,South West,55-64,Current,15.6
107487,North West,25-34,Current,7.4
107488,East Midlands,45-54,Savings,6.9
107489,West Midlands,35-44,Current,13.6
107490,East Midlands,65+,Current,18.8
107491,North East,55-64,Student,13.5
107492,Wales,18-24,Current,17.2
107493,South East,65+,Current,19.3
107494,West Midlands,35-44,Premier,6.7
107495,East of England,35-44,Current,10.8
107496,South East,45-54,Current,12.2
107497,Yorkshire and Humber,55-64,Current,4.4
107498,London,35-44,Current,16.0
107499,South East,35-44,Current,5.3
107500,East Midlands,25-34,Savings,14.2
107501,London,45-54,Current,10.5
107502,South East,65+,Current,16.7
107503,West Midlands,35-44,Current,10.3
107504,London,65+,Current,11.8
107505,London,25-34,Premier,3.7
107506,South East,55-64,Savings,16.2
107507,North East,65+,Savings,8.1
107508,South West,45-54,Current,11.6
107509,London,25-34,Current,16.9
107510,London,35-44,Student,9.6
107511,London,25-34,Student,5.6
107512,London,45-54,Savings,5.4
107513,East Midlands,65+,Current,11.4
107514,South East,35-44,Current,5.9
107515,South East,25-34,Current,6.8
107516,London,25-34,Current,4.8
107517,East of England,45-54,Current,9.0
107518,South East,45-54,Current,9.4
107519,Yorkshire and Humber,25-34,Current,10.6
107520,East Midlands,55-64,Current,11.9
107521,East Midlands,25-34,Current,11.8
107522,Yorkshire and Humber,45-54,Current,7.4
107523,London,35-44,Current,18.0
107524,West Midlands,25-34,Current,10.3
107525,West Midlands,45-54,Premier,16.7
107526,North West,45-54,Current,11.2
107527,South West,35-44,Student,7.5
107528,South East,55-64,Current,14.8
107529,Yorkshire and Humber,45-54,Savings,3.6
107530,West Midlands,35-44,Current,19.4
107531,West Midlands,65+,Savings,11.5
107532,East Midlands,65+,Student,2.2
107533,Yorkshire and Humber,25-34,Current,8.5
107534,East Midlands,65+,Savings,14.3
107535,Yorkshire and Humber,55-64,Student,1.5
107536,North East,25-34,Savings,5.3
107537,London,45-54,Current,18.5
107538,South West,18-24,Current,7.2
107539,West Midlands,45-54,Student,3.3
107540,North West,65+,Savings,2.1
107541,North East,35-44,Premier,12.4
107542,Yorkshire and Humber,45-54,Current,11.2
107543,London,25-34,Savings,13.0
107544,Wales,45-54,Savings,19.2
107545,London,55-64,Student,1.3
107546,North West,25-34,Savings,4.0
107547,London,45-54,Current,4.8
107548,East Midlands,35-44,Savings,8.6
107549,West Midlands,55-64,Current,2.5
107550,East Midlands,55-64,Current,8.3
107551,East of England,55-64,Current,16.3
107552,South East,35-44,Student,3.4
107553,North West,45-54,Current,18.3
107554,North West,45-54,Current,18.2
107555,South East,45-54,Savings,10.3
107556,East of England,45-54,Premier,17.2
107557,North West,65+,Savings,14.3
107558,North West,25-34,Current,7.2
107559,East of England,18-24,Current,11.3
107560,East of England,65+,Current,2.4
107561,East of England,18-24,Current,10.0
107562,North West,65+,Savings,16.6
107563,West Midlands,45-54,Current,11.7
107564,London,65+,Current,7.7
107565,North West,45-54,Student,13.3
107566,East of England,55-64,Current,19.5
107567,East Midlands,55-64,Current,1.4
107568,London,45-54,Current,6.7
107569,East of England,35-44,Current,3.2
107570,Wales,18-24,Current,19.1
107571,South East,25-34,Premier,11.0
107572,North East,65+,Student,2.7
107573,East Midlands,35-44,Savings,12.3
107574,Yorkshire and Humber,55-64,Savings,10.1
107575,East Midlands,45-54,Current,1.3
107576,Wales,35-44,Savings,17.3
107577,East of England,65+,Current,14.2
107578,East Midlands,18-24,Current,0.2
107579,East Midlands,45-54,Current,19.2
107580,Yorkshire and Humber,35-44,Current,3.3
107581,North West,25-34,Current,0.1
107582,South West,25-34,Current,8.6
107583,West Midlands,55-64,Current,2.9
107584,South West,25-34,Current,11.4
107585,London,55-64,Current,6.3
107586,Yorkshire and Humber,45-54,Current,3.8
107587,West Midlands,25-34,Current,19.7
107588,Wales,35-44,Current,6.7
107589,London,25-34,Current,8.4
107590,London,55-64,Current,6.0
107591,Yorkshire and Humber,45-54,Savings,16.8
107592,East of England,18-24,Savings,4.0
107593,South West,45-54,Current,2.6
107594,South West,35-44,Current,17.6
107595,London,45-54,Savings,3.7
107596,East of England,18-24,Current,17.2
107597,North West,18-24,Current,11.6
107598,South East,35-44,Current,16.5
107599,Yorkshire and Humber,45-54,Student,1.5
107600,London,45-54,Current,19.3
107601,Wales,35-44,Premier,6.1
107602,Wales,25-34,Savings,1.3
107603,London,45-54,Current,15.3
107604,London,18-24,Current,3.7
107605,East of England,45-54,Current,7.1
107606,Wales,35-44,Current,11.9
107607,South East,25-34,Current,1.5
107608,East Midlands,45-54,Current,4.1
107609,North West,25-34,Savings,9.8
107610,East of England,45-54,Savings,8.5
107611,South East,25-34,Premier,11.2
107612,South East,35-44,Current,14.6
107613,South East,45-54,Student,7.1
107614,Yorkshire and Humber,18-24,Student,8.1
107615,Yorkshire and Humber,45-54,Student,5.5
107616,South West,55-64,Savings,6.9
107617,North West,65+,Current,1.1
107618,South East,25-34,Student,11.6
107619,South East,25-34,Current,3.5
107620,South West,35-44,Savings,14.4
107621,North West,65+,Current,0.9
107622,South East,35-44,Current,1.3
107623,West Midlands,35-44,Current,5.8
107624,West Midlands,55-64,Current,8.8
107625,Yorkshire and Humber,18-24,Current,13.9
107626,East Midlands,45-54,Student,13.9
107627,North East,35-44,Current,19.5
107628,East of England,45-54,Current,7.1
107629,East Midlands,55-64,Current,1.3
107630,South West,35-44,Current,17.2
107631,London,45-54,Current,14.6
107632,South East,45-54,Savings,1.5
107633,East of England,25-34,Premier,1.8
107634,London,65+,Current,9.6
107635,West Midlands,55-64,Current,6.9
107636,East Midlands,65+,Savings,12.0
107637,London,55-64,Current,4.5
107638,North East,25-34,Savings,19.2
107639,London,35-44,Current,10.3
107640,Yorkshire and Humber,35-44,Student,15.0
107641,East Midlands,18-24,Current,2.6
107642,East of England,35-44,Premier,12.4
107643,North West,35-44,Premier,17.3
107644,South East,18-24,Current,0.6
107645,South East,55-64,Current,10.8
107646,North West,25-34,Current,5.0
107647,East Midlands,45-54,Current,9.6
107648,Yorkshire and Humber,55-64,Premier,16.3
107649,North West,45-54,Current,13.8
107650,South East,25-34,Current,15.1
107651,South West,45-54,Current,4.3
107652,North West,55-64,Current,16.7
107653,London,55-64,Student,12.3
107654,East Midlands,35-44,Savings,1.5
107655,North West,18-24,Savings,17.3
107656,South East,45-54,Current,1.2
107657,South West,25-34,Savings,0.7
107658,South East,55-64,Current,16.7
107659,West Midlands,45-54,Current,0.4
107660,London,55-64,Current,1.9
107661,Yorkshire and Humber,65+,Premier,0.4
107662,Wales,45-54,Savings,17.6
107663,South East,65+,Savings,1.0
107664,North East,45-54,Current,7.5
107665,West Midlands,25-34,Current,4.4
107666,London,55-64,Current,6.9
107667,South East,55-64,Savings,5.9
107668,Yorkshire and Humber,65+,Savings,17.8
107669,London,25-34,Current,15.4
107670,London,35-44,Current,17.7
107671,Wales,55-64,Current,14.4
107672,West Midlands,18-24,Current,6.7
107673,North East,45-54,Savings,3.8
107674,Yorkshire and Humber,45-54,Premier,10.6
107675,London,25-34,Current,7.2
107676,London,25-34,Savings,12.9
107677,North West,55-64,Savings,0.9
107678,North East,18-24,Current,14.3
107679,East of England,55-64,Current,6.1
107680,Wales,55-64,Current,9.3
107681,Wales,45-54,Premier,19.6
107682,South East,35-44,Current,4.4
107683,London,18-24,Current,2.4
107684,East of England,55-64,Current,4.3
107685,East Midlands,25-34,Savings,7.1
107686,South West,35-44,Current,10.8
107687,London,65+,Premier,19.6
107688,South East,35-44,Current,17.4
107689,Yorkshire and Humber,25-34,Premier,14.3
107690,Yorkshire and Humber,65+,Current,14.4
107691,East Midlands,25-34,Current,5.7
107692,Yorkshire and Humber,25-34,Savings,18.6
107693,Yorkshire and Humber,35-44,Current,10.8
107694,North West,55-64,Current,3.3
107695,North West,65+,Savings,19.0
107696,London,55-64,Current,10.2
107697,North West,65+,Current,3.2
107698,South West,18-24,Savings,14.7
107699,West Midlands,45-54,Savings,4.8
107700,London,25-34,Current,3.8
107701,West Midlands,65+,Current,5.4
107702,London,65+,Current,11.6
107703,London,35-44,Current,5.9
107704,London,55-64,Current,0.9
107705,Yorkshire and Humber,45-54,Current,7.8
107706,London,25-34,Savings,4.8
107707,West Midlands,45-54,Current,10.3
107708,London,65+,Current,9.2
107709,Yorkshire and Humber,35-44,Student,1.7
107710,South East,18-24,Savings,5.0
107711,London,65+,Savings,5.7
107712,South East,35-44,Current,9.7
107713,Yorkshire and Humber,35-44,Current,16.5
107714,North West,55-64,Premier,4.5
107715,North West,45-54,Current,3.2
107716,East Midlands,35-44,Current,0.1
107717,London,25-34,Current,12.2
107718,South West,55-64,Student,6.6
107719,South East,35-44,Current,13.4
107720,London,45-54,Current,13.8
107721,West Midlands,65+,Current,1.0
107722,East of England,18-24,Premier,8.4
107723,East Midlands,55-64,Current,19.4
107724,Yorkshire and Humber,55-64,Current,5.6
107725,East of England,65+,Premier,10.6
107726,Yorkshire and Humber,25-34,Current,10.8
107727,West Midlands,35-44,Current,5.3
107728,North West,45-54,Current,15.6
107729,London,65+,Current,0.2
107730,West Midlands,65+,Current,4.6
107731,South East,35-44,Current,11.9
107732,London,45-54,Current,18.4
107733,Yorkshire and Humber,25-34,Savings,0.3
107734,North West,55-64,Current,12.1
107735,South West,55-64,Current,0.2
107736,Yorkshire and Humber,55-64,Savings,12.5
107737,South East,35-44,Premier,8.3
107738,London,65+,Current,8.7
107739,West Midlands,25-34,Current,19.4
107740,London,45-54,Current,13.7
107741,London,45-54,Student,4.0
107742,London,45-54,Student,19.9
107743,South West,55-64,Current,5.2
107744,East of England,45-54,Current,13.7
107745,South West,25-34,Current,13.6
107746,London,25-34,Savings,17.0
107747,London,45-54,Current,8.0
107748,London,55-64,Current,13.9
107749,North West,45-54,Current,12.6
107750,South West,35-44,Savings,8.8
107751,East of England,18-24,Premier,18.3
107752,North West,55-64,Current,5.1
107753,East of England,45-54,Premier,4.6
107754,South West,45-54,Current,12.6
107755,Yorkshire and Humber,35-44,Savings,3.9
107756,East of England,25-34,Student,16.6
107757,West Midlands,35-44,Current,6.9
107758,East Midlands,18-24,Current,8.5
107759,Yorkshire and Humber,55-64,Current,13.7
107760,London,35-44,Savings,17.7
107761,Yorkshire and Humber,35-44,Current,13.8
107762,North East,65+,Current,2.0
107763,North West,35-44,Current,6.8
107764,North West,45-54,Current,15.0
107765,London,35-44,Current,18.2
107766,East Midlands,35-44,Savings,12.7
107767,South East,18-24,Current,12.0
107768,Yorkshire and Humber,55-64,Current,7.6
107769,Wales,35-44,Current,9.6
107770,South East,55-64,Premier,8.7
107771,East Midlands,65+,Current,1.2
107772,West Midlands,18-24,Current,0.5
107773,East Midlands,45-54,Current,12.4
107774,North East,25-34,Current,10.2
107775,South East,35-44,Current,5.0
107776,Yorkshire and Humber,55-64,Current,17.9
107777,West Midlands,25-34,Current,4.2
107778,East of England,65+,Savings,14.0
107779,West Midlands,45-54,Current,15.8
107780,South East,35-44,Current,16.8
107781,South East,18-24,Savings,16.8
107782,North West,45-54,Current,15.9
107783,London,45-54,Current,9.2
107784,North West,25-34,Premier,12.5
107785,Yorkshire and Humber,45-54,Current,17.2
107786,North East,18-24,Savings,8.5
107787,South East,65+,Current,13.5
107788,South West,35-44,Premier,3.3
107789,London,35-44,Current,11.3
107790,North West,55-64,Current,2.9
107791,South East,55-64,Savings,13.2
107792,London,65+,Current,7.6
107793,West Midlands,65+,Current,4.6
107794,Yorkshire and Humber,25-34,Current,7.3
107795,London,35-44,Current,14.1
107796,South East,45-54,Savings,18.2
107797,North West,18-24,Current,0.3
107798,East of England,55-64,Current,3.4
107799,Yorkshire and Humber,18-24,Current,14.1
107800,North West,65+,Current,11.4
107801,West Midlands,55-64,Savings,6.5
107802,South West,45-54,Current,13.1
107803,Yorkshire and Humber,35-44,Current,17.4
107804,London,65+,Current,5.2
107805,North West,55-64,Current,9.8
107806,South East,55-64,Current,0.5
107807,South West,55-64,Savings,18.9
107808,Yorkshire and Humber,18-24,Current,16.1
107809,North East,18-24,Current,10.2
107810,East Midlands,25-34,Premier,19.8
107811,West Midlands,45-54,Current,4.5
107812,London,45-54,Savings,14.9
107813,South East,35-44,Current,15.4
107814,North West,65+,Current,16.6
107815,London,25-34,Current,13.7
107816,North West,55-64,Current,3.9
107817,London,35-44,Savings,1.9
107818,South East,35-44,Current,3.7
107819,Wales,18-24,Current,17.2
107820,London,55-64,Savings,8.1
107821,London,55-64,Current,11.0
107822,London,35-44,Current,0.6
107823,North West,45-54,Current,9.9
107824,North West,45-54,Current,8.2
107825,Wales,35-44,Premier,10.7
107826,West Midlands,45-54,Current,7.6
107827,South West,35-44,Savings,1.6
107828,West Midlands,65+,Current,1.0
107829,South West,55-64,Current,19.0
107830,West Midlands,25-34,Current,12.1
107831,North East,55-64,Current,12.9
107832,South East,35-44,Current,18.3
107833,West Midlands,65+,Current,11.1
107834,South East,45-54,Current,12.3
107835,London,18-24,Current,10.5
107836,Yorkshire and Humber,55-64,Current,3.6
107837,North West,25-34,Current,6.3
107838,South East,65+,Savings,17.7
107839,South East,65+,Current,8.9
107840,North West,55-64,Current,4.2
107841,East of England,45-54,Savings,16.6
107842,North West,45-54,Current,1.8
107843,East Midlands,35-44,Current,12.8
107844,London,25-34,Student,14.0
107845,West Midlands,65+,Current,6.1
107846,North West,35-44,Current,3.4
107847,London,35-44,Current,9.0
107848,North West,25-34,Current,15.1
107849,North West,65+,Current,17.7
107850,South East,65+,Current,16.3
107851,London,35-44,Current,2.3
107852,South West,25-34,Current,4.5
107853,London,55-64,Current,12.4
107854,London,35-44,Current,14.2
107855,North West,65+,Current,0.3
107856,South West,65+,Current,2.9
107857,West Midlands,55-64,Current,2.0
107858,North West,25-34,Current,6.9
107859,South West,55-64,Savings,13.6
107860,South East,65+,Premier,18.9
107861,London,35-44,Current,1.9
107862,East Midlands,65+,Current,10.2
107863,West Midlands,35-44,Student,7.5
107864,London,65+,Savings,8.0
107865,South East,45-54,Premier,1.5
107866,London,25-34,Savings,5.8
107867,East Midlands,35-44,Savings,5.1
107868,West Midlands,18-24,Current,14.4
107869,London,35-44,Current,12.9
107870,South East,65+,Current,12.8
107871,East Midlands,25-34,Current,10.4
107872,East Midlands,65+,Savings,6.9
107873,North West,25-34,Premier,5.0
107874,East Midlands,45-54,Current,0.3
107875,London,65+,Current,3.0
107876,West Midlands,45-54,Student,4.5
107877,London,65+,Savings,19.5
107878,South East,65+,Savings,19.4
107879,Wales,45-54,Savings,15.4
107880,North East,55-64,Premier,12.2
107881,North West,18-24,Current,13.4
107882,East Midlands,35-44,Current,12.1
107883,North West,35-44,Current,13.0
107884,South East,55-64,Current,4.5
107885,East Midlands,45-54,Savings,19.5
107886,Yorkshire and Humber,45-54,Current,15.2
107887,North West,65+,Current,4.8
107888,North West,25-34,Current,10.3
107889,South East,65+,Savings,15.8
107890,South East,25-34,Current,18.2
107891,London,35-44,Current,7.7
107892,East of England,45-54,Current,9.7
107893,West Midlands,35-44,Current,6.3
107894,West Midlands,45-54,Current,7.6
107895,Yorkshire and Humber,55-64,Current,4.6
107896,South East,55-64,Current,0.7
107897,London,25-34,Premier,8.4
107898,East Midlands,25-34,Premier,9.5
107899,North East,18-24,Current,15.6
107900,North West,45-54,Current,10.5
107901,Yorkshire and Humber,25-34,Current,6.6
107902,London,35-44,Current,9.3
107903,North East,55-64,Current,15.9
107904,South East,65+,Student,9.7
107905,North East,55-64,Premier,11.1
107906,West Midlands,18-24,Current,3.5
107907,London,45-54,Savings,0.3
107908,South West,25-34,Savings,18.6
107909,London,35-44,Current,5.4
107910,Yorkshire and Humber,35-44,Student,7.0
107911,Wales,65+,Premier,2.4
107912,West Midlands,45-54,Premier,10.3
107913,Yorkshire and Humber,25-34,Savings,14.8
107914,East of England,45-54,Current,13.8
107915,East of England,65+,Current,17.1
107916,Wales,18-24,Premier,5.8
107917,East of England,55-64,Current,6.4
107918,East Midlands,25-34,Current,19.3
107919,East of England,25-34,Current,9.2
107920,Yorkshire and Humber,65+,Current,16.7
107921,South East,18-24,Current,12.3
107922,Yorkshire and Humber,55-64,Savings,3.7
107923,South West,25-34,Current,19.2
107924,London,45-54,Current,6.6
107925,South West,45-54,Current,12.9
107926,West Midlands,65+,Current,5.2
107927,West Midlands,55-64,Savings,11.6
107928,London,45-54,Premier,10.9
107929,East Midlands,35-44,Student,5.3
107930,South East,25-34,Current,19.8
107931,North West,45-54,Savings,2.9
107932,London,45-54,Current,8.9
107933,East Midlands,25-34,Savings,0.7
107934,West Midlands,65+,Savings,13.7
107935,London,35-44,Current,9.3
107936,North West,18-24,Current,11.2
107937,North West,65+,Savings,14.0
107938,North West,45-54,Current,15.3
107939,North West,55-64,Savings,19.3
107940,London,25-34,Current,17.3
107941,West Midlands,35-44,Current,6.5
107942,Yorkshire and Humber,45-54,Savings,14.6
107943,South East,25-34,Current,1.6
107944,London,55-64,Current,2.8
107945,London,25-34,Current,9.2
107946,North West,25-34,Current,9.2
107947,North East,18-24,Current,10.2
107948,Yorkshire and Humber,35-44,Savings,9.6
107949,North West,25-34,Current,12.9
107950,East of England,55-64,Current,19.1
107951,South East,45-54,Current,3.5
107952,London,25-34,Current,7.2
107953,East of England,45-54,Current,1.6
107954,East Midlands,25-34,Premier,4.1
107955,South West,35-44,Current,19.7
107956,South East,65+,Current,0.9
107957,Yorkshire and Humber,55-64,Current,4.4
107958,North West,45-54,Current,8.6
107959,West Midlands,35-44,Current,5.9
107960,North East,25-34,Current,10.9
107961,West Midlands,55-64,Current,19.8
107962,North West,45-54,Current,14.1
107963,South East,45-54,Savings,8.2
107964,South East,65+,Savings,13.7
107965,West Midlands,35-44,Current,17.5
107966,South West,55-64,Savings,4.7
107967,London,45-54,Current,14.4
107968,South West,25-34,Current,12.3
107969,East Midlands,18-24,Savings,14.7
107970,East Midlands,45-54,Current,1.8
107971,London,35-44,Premier,14.7
107972,West Midlands,55-64,Current,15.8
107973,London,55-64,Current,13.8
107974,East Midlands,35-44,Current,4.0
107975,South East,45-54,Student,3.3
107976,East of England,45-54,Current,14.8
107977,South West,35-44,Student,13.0
107978,North East,65+,Current,19.7
107979,East of England,25-34,Current,9.1
107980,London,65+,Student,4.7
107981,Yorkshire and Humber,18-24,Current,15.4
107982,East of England,25-34,Current,15.0
107983,East of England,55-64,Current,10.5
107984,Wales,25-34,Premier,14.9
107985,South East,25-34,Savings,6.3
107986,West Midlands,25-34,Current,4.4
107987,North East,55-64,Savings,2.6
107988,North East,45-54,Current,5.9
107989,South East,18-24,Current,13.1
107990,East of England,35-44,Savings,5.2
107991,London,25-34,Savings,17.7
107992,North East,65+,Savings,5.1
107993,West Midlands,25-34,Savings,13.7
107994,East of England,45-54,Current,10.6
107995,East Midlands,35-44,Premier,4.3
107996,Yorkshire and Humber,45-54,Current,11.2
107997,West Midlands,65+,Current,19.1
107998,London,35-44,Savings,18.9
107999,North West,55-64,Current,5.9
108000,North East,35-44,Current,10.8
